"数据年月","商品编码","商品名称","贸易伙伴编码","贸易伙伴名称","第一数量","第一计量单位","第二数量","第二计量单位","美元",
"202601","24041200","其他含尼古丁的非经燃烧吸用的产品","102","巴林","10621","千克","0","?","375,165",
"202601","24041200","其他含尼古丁的非经燃烧吸用的产品","106","缅甸","15256","千克","0","?","629,783",
"202601","24041200","其他含尼古丁的非经燃烧吸用的产品","108","塞浦路斯","13275","千克","0","?","541,253",
"202601","24041200","其他含尼古丁的非经燃烧吸用的产品","110","中国香港","25","千克","0","?","1,394",
"202601","24041200","其他含尼古丁的非经燃烧吸用的产品","111","印度","458","千克","0","?","19,104",
"202601","24041200","其他含尼古丁的非经燃烧吸用的产品","112","印度尼西亚","342179","千克","0","?","10,910,619",
"202601","24041200","其他含尼古丁的非经燃烧吸用的产品","114","伊拉克","2175","千克","0","?","65,200",
"202601","24041200","其他含尼古丁的非经燃烧吸用的产品","115","以色列","12120","千克","0","?","481,149",
"202601","24041200","其他含尼古丁的非经燃烧吸用的产品","116","日本","1416","千克","0","?","58,036",
"202601","24041200","其他含尼古丁的非经燃烧吸用的产品","117","约旦","484","千克","0","?","20,437",
"202601","24041200","其他含尼古丁的非经燃烧吸用的产品","118","科威特","137227","千克","0","?","6,662,499",
"202601","24041200","其他含尼古丁的非经燃烧吸用的产品","120","黎巴嫩","3703","千克","0","?","157,620",
"202601","24041200","其他含尼古丁的非经燃烧吸用的产品","122","马来西亚","747583","千克","0","?","31,013,535",
"202601","24041200","其他含尼古丁的非经燃烧吸用的产品","124","蒙古","35052","千克","0","?","1,075,619",
"202601","24041200","其他含尼古丁的非经燃烧吸用的产品","125","尼泊尔","64038","千克","0","?","2,715,366",
"202601","24041200","其他含尼古丁的非经燃烧吸用的产品","127","巴基斯坦","23037","千克","0","?","856,633",
"202601","24041200","其他含尼古丁的非经燃烧吸用的产品","129","菲律宾","70766","千克","0","?","2,593,145",
"202601","24041200","其他含尼古丁的非经燃烧吸用的产品","131","沙特阿拉伯","52269","千克","0","?","1,858,369",
"202601","24041200","其他含尼古丁的非经燃烧吸用的产品","133","韩国","997419","千克","0","?","31,166,332",
"202601","24041200","其他含尼古丁的非经燃烧吸用的产品","135","叙利亚","349","千克","0","?","3,000",
"202601","24041200","其他含尼古丁的非经燃烧吸用的产品","138","阿联酋","1295287","千克","0","?","40,563,477",
"202601","24041200","其他含尼古丁的非经燃烧吸用的产品","139","也门","1078","千克","0","?","36,734",
"202601","24041200","其他含尼古丁的非经燃烧吸用的产品","141","越南","32","千克","0","?","262",
"202601","24041200","其他含尼古丁的非经燃烧吸用的产品","146","吉尔吉斯斯坦","1200","千克","0","?","5,760",
"202601","24041200","其他含尼古丁的非经燃烧吸用的产品","147","塔吉克斯坦","1681","千克","0","?","62,809",
"202601","24041200","其他含尼古丁的非经燃烧吸用的产品","150","格鲁吉亚","61380","千克","0","?","2,173,014",
"202601","24041200","其他含尼古丁的非经燃烧吸用的产品","151","亚美尼亚","39441","千克","0","?","1,276,903",
"202601","24041200","其他含尼古丁的非经燃烧吸用的产品","152","阿塞拜疆","218710","千克","0","?","7,064,437",
"202601","24041200","其他含尼古丁的非经燃烧吸用的产品","214","吉布提","829","千克","0","?","39,868",
"202601","24041200","其他含尼古丁的非经燃烧吸用的产品","215","埃及","20710","千克","0","?","699,503",
"202601","24041200","其他含尼古丁的非经燃烧吸用的产品","223","科特迪瓦","1112","千克","0","?","34,194",
"202601","24041200","其他含尼古丁的非经燃烧吸用的产品","224","肯尼亚","513","千克","0","?","14,000",
"202601","24041200","其他含尼古丁的非经燃烧吸用的产品","226","利比亚","27339","千克","0","?","902,744",
"202601","24041200","其他含尼古丁的非经燃烧吸用的产品","227","马达加斯加","202","千克","0","?","6,619",
"202601","24041200","其他含尼古丁的非经燃烧吸用的产品","230","毛里塔尼亚","19768","千克","0","?","627,047",
"202601","24041200","其他含尼古丁的非经燃烧吸用的产品","232","摩洛哥","246593","千克","0","?","6,118,891",
"202601","24041200","其他含尼古丁的非经燃烧吸用的产品","234","纳米比亚","1752","千克","0","?","69,750",
"202601","24041200","其他含尼古丁的非经燃烧吸用的产品","236","尼日利亚","14900","千克","0","?","481,248",
"202601","24041200","其他含尼古丁的非经燃烧吸用的产品","240","塞内加尔","760","千克","0","?","34,800",
"202601","24041200","其他含尼古丁的非经燃烧吸用的产品","244","南非","189013","千克","0","?","6,841,189",
"202601","24041200","其他含尼古丁的非经燃烧吸用的产品","248","多哥","680","千克","0","?","12,832",
"202601","24041200","其他含尼古丁的非经燃烧吸用的产品","249","突尼斯","3271","千克","0","?","113,493",
"202601","24041200","其他含尼古丁的非经燃烧吸用的产品","253","赞比亚","2610","千克","0","?","89,003",
"202601","24041200","其他含尼古丁的非经燃烧吸用的产品","254","津巴布韦","29113","千克","0","?","909,317",
"202601","24041200","其他含尼古丁的非经燃烧吸用的产品","301","比利时","7262","千克","0","?","425,714",
"202601","24041200","其他含尼古丁的非经燃烧吸用的产品","302","丹麦","961","千克","0","?","50,577",
"202601","24041200","其他含尼古丁的非经燃烧吸用的产品","303","英国","1469839","千克","0","?","48,474,508",
"202601","24041200","其他含尼古丁的非经燃烧吸用的产品","304","德国","518858","千克","0","?","24,516,970",
"202601","24041200","其他含尼古丁的非经燃烧吸用的产品","305","法国","114762","千克","0","?","4,196,023",
"202601","24041200","其他含尼古丁的非经燃烧吸用的产品","306","爱尔兰","22893","千克","0","?","899,476",
"202601","24041200","其他含尼古丁的非经燃烧吸用的产品","307","意大利","222362","千克","0","?","8,071,431",
"202601","24041200","其他含尼古丁的非经燃烧吸用的产品","308","卢森堡","484","千克","0","?","11,487",
"202601","24041200","其他含尼古丁的非经燃烧吸用的产品","309","荷兰","352419","千克","0","?","11,915,023",
"202601","24041200","其他含尼古丁的非经燃烧吸用的产品","310","希腊","32992","千克","0","?","2,155,715",
"202601","24041200","其他含尼古丁的非经燃烧吸用的产品","311","葡萄牙","20094","千克","0","?","500,074",
"202601","24041200","其他含尼古丁的非经燃烧吸用的产品","312","西班牙","147441","千克","0","?","4,877,186",
"202601","24041200","其他含尼古丁的非经燃烧吸用的产品","313","阿尔巴尼亚","2704","千克","0","?","110,335",
"202601","24041200","其他含尼古丁的非经燃烧吸用的产品","315","奥地利","72676","千克","0","?","2,687,315",
"202601","24041200","其他含尼古丁的非经燃烧吸用的产品","316","保加利亚","44022","千克","0","?","1,490,611",
"202601","24041200","其他含尼古丁的非经燃烧吸用的产品","318","芬兰","2748","千克","0","?","78,390",
"202601","24041200","其他含尼古丁的非经燃烧吸用的产品","321","匈牙利","2102","千克","0","?","17,918",
"202601","24041200","其他含尼古丁的非经燃烧吸用的产品","322","冰岛","11590","千克","0","?","406,288",
"202601","24041200","其他含尼古丁的非经燃烧吸用的产品","327","波兰","57783","千克","0","?","1,818,697",
"202601","24041200","其他含尼古丁的非经燃烧吸用的产品","328","罗马尼亚","37400","千克","0","?","2,425,347",
"202601","24041200","其他含尼古丁的非经燃烧吸用的产品","329","圣马力诺","1525","千克","0","?","56,500",
"202601","24041200","其他含尼古丁的非经燃烧吸用的产品","330","瑞典","79270","千克","0","?","2,261,423",
"202601","24041200","其他含尼古丁的非经燃烧吸用的产品","331","瑞士","46269","千克","0","?","2,007,730",
"202601","24041200","其他含尼古丁的非经燃烧吸用的产品","334","爱沙尼亚","8772","千克","0","?","458,248",
"202601","24041200","其他含尼古丁的非经燃烧吸用的产品","335","拉脱维亚","43466","千克","0","?","2,017,658",
"202601","24041200","其他含尼古丁的非经燃烧吸用的产品","336","立陶宛","3179","千克","0","?","128,236",
"202601","24041200","其他含尼古丁的非经燃烧吸用的产品","340","白俄罗斯","6172","千克","0","?","224,438",
"202601","24041200","其他含尼古丁的非经燃烧吸用的产品","343","摩尔多瓦","144050","千克","0","?","4,171,020",
"202601","24041200","其他含尼古丁的非经燃烧吸用的产品","344","俄罗斯","972227","千克","0","?","36,346,786",
"202601","24041200","其他含尼古丁的非经燃烧吸用的产品","347","乌克兰","1149","千克","0","?","70,038",
"202601","24041200","其他含尼古丁的非经燃烧吸用的产品","350","斯洛文尼亚","9615","千克","0","?","451,920",
"202601","24041200","其他含尼古丁的非经燃烧吸用的产品","351","克罗地亚","116594","千克","0","?","7,340,566",
"202601","24041200","其他含尼古丁的非经燃烧吸用的产品","352","捷克","45926","千克","0","?","1,625,729",
"202601","24041200","其他含尼古丁的非经燃烧吸用的产品","353","斯洛伐克","24169","千克","0","?","1,112,756",
"202601","24041200","其他含尼古丁的非经燃烧吸用的产品","355","波斯尼亚和黑塞哥维那","3579","千克","0","?","149,523",
"202601","24041200","其他含尼古丁的非经燃烧吸用的产品","358","塞尔维亚","16707","千克","0","?","568,512",
"202601","24041200","其他含尼古丁的非经燃烧吸用的产品","359","黑山","2853","千克","0","?","62,086",
"202601","24041200","其他含尼古丁的非经燃烧吸用的产品","408","玻利维亚
","57","千克","0","?","2,502",
"202601","24041200","其他含尼古丁的非经燃烧吸用的产品","411","开曼群岛","571","千克","0","?","20,718",
"202601","24041200","其他含尼古丁的非经燃烧吸用的产品","412","智利","15413","千克","0","?","719,103",
"202601","24041200","其他含尼古丁的非经燃烧吸用的产品","413","哥伦比亚","71448","千克","0","?","3,038,326",
"202601","24041200","其他含尼古丁的非经燃烧吸用的产品","415","哥斯达黎加","11967","千克","0","?","440,604",
"202601","24041200","其他含尼古丁的非经燃烧吸用的产品","418","多米尼加
","7412","千克","0","?","258,193",
"202601","24041200","其他含尼古丁的非经燃烧吸用的产品","419","厄瓜多尔","19937","千克","0","?","738,105",
"202601","24041200","其他含尼古丁的非经燃烧吸用的产品","423","危地马拉","3937","千克","0","?","141,653",
"202601","24041200","其他含尼古丁的非经燃烧吸用的产品","424","圭亚那","6181","千克","0","?","306,720",
"202601","24041200","其他含尼古丁的非经燃烧吸用的产品","426","洪都拉斯","3367","千克","0","?","180,144",
"202601","24041200","其他含尼古丁的非经燃烧吸用的产品","427","牙买加","81","千克","0","?","3,000",
"202601","24041200","其他含尼古丁的非经燃烧吸用的产品","432","巴拿马","9595","千克","0","?","297,218",
"202601","24041200","其他含尼古丁的非经燃烧吸用的产品","433","巴拉圭","187989","千克","0","?","6,562,717",
"202601","24041200","其他含尼古丁的非经燃烧吸用的产品","434","秘鲁","11614","千克","0","?","418,354",
"202601","24041200","其他含尼古丁的非经燃烧吸用的产品","440","萨尔瓦多","172","千克","0","?","6,927",
"202601","24041200","其他含尼古丁的非经燃烧吸用的产品","442","特立尼达和多巴哥","5169","千克","0","?","153,038",
"202601","24041200","其他含尼古丁的非经燃烧吸用的产品","444","乌拉圭","1325","千克","0","?","45,934",
"202601","24041200","其他含尼古丁的非经燃烧吸用的产品","501","加拿大","569193","千克","0","?","20,501,748",
"202601","24041200","其他含尼古丁的非经燃烧吸用的产品","502","美国","5345733","千克","0","?","205,334,402",
"202601","24041200","其他含尼古丁的非经燃烧吸用的产品","503","格陵兰","868","千克","0","?","25,900",
"202601","24041200","其他含尼古丁的非经燃烧吸用的产品","601","澳大利亚","12869","千克","0","?","881,878",
"202601","24041200","其他含尼古丁的非经燃烧吸用的产品","609","新西兰","112893","千克","0","?","5,425,316",
"202601","24041200","其他含尼古丁的非经燃烧吸用的产品","613","所罗门群岛","541","千克","0","?","11,978",
"202601","24041200","其他含尼古丁的非经燃烧吸用的产品","623","法属波利尼西亚","3580","千克","0","?","117,290",
"202601","85434000","电子烟及类似的个人电子雾化设备","102","巴林","31470","台","3300","千克","271,939",
"202601","85434000","电子烟及类似的个人电子雾化设备","108","塞浦路斯","17404","台","1432","千克","46,904",
"202601","85434000","电子烟及类似的个人电子雾化设备","110","中国香港","1832","台","98","千克","6,990",
"202601","85434000","电子烟及类似的个人电子雾化设备","112","印度尼西亚","3351119","台","239701","千克","10,741,328",
"202601","85434000","电子烟及类似的个人电子雾化设备","114","伊拉克","6800","台","1454","千克","190,600",
"202601","85434000","电子烟及类似的个人电子雾化设备","115","以色列","1075363","台","91406","千克","3,460,817",
"202601","85434000","电子烟及类似的个人电子雾化设备","116","日本","1812645","台","262986","千克","57,293,599",
"202601","85434000","电子烟及类似的个人电子雾化设备","117","约旦","870","台","221","千克","26,744",
"202601","85434000","电子烟及类似的个人电子雾化设备","118","科威特","17960","台","1849","千克","192,519",
"202601","85434000","电子烟及类似的个人电子雾化设备","120","黎巴嫩","10040","台","2072","千克","309,922",
"202601","85434000","电子烟及类似的个人电子雾化设备","122","马来西亚","1078922","台","90153","千克","3,864,899",
"202601","85434000","电子烟及类似的个人电子雾化设备","124","蒙古","87542","台","7250","千克","292,684",
"202601","85434000","电子烟及类似的个人电子雾化设备","125","尼泊尔","22229","台","1989","千克","110,089",
"202601","85434000","电子烟及类似的个人电子雾化设备","127","巴基斯坦","513650","台","29105","千克","1,558,902",
"202601","85434000","电子烟及类似的个人电子雾化设备","129","菲律宾","433130","台","24571","千克","1,492,949",
"202601","85434000","电子烟及类似的个人电子雾化设备","131","沙特阿拉伯","112862","台","14935","千克","1,408,997",
"202601","85434000","电子烟及类似的个人电子雾化设备","133","韩国","833796","台","83047","千克","8,167,531",
"202601","85434000","电子烟及类似的个人电子雾化设备","135","叙利亚","2000","台","76","千克","1,000",
"202601","85434000","电子烟及类似的个人电子雾化设备","137","土耳其","15390","台","4409","千克","686,739",
"202601","85434000","电子烟及类似的个人电子雾化设备","138","阿联酋","705381","台","55522","千克","3,188,649",
"202601","85434000","电子烟及类似的个人电子雾化设备","145","哈萨克斯坦","69780","台","12450","千克","2,562,698",
"202601","85434000","电子烟及类似的个人电子雾化设备","146","吉尔吉斯斯坦","21978","台","5775","千克","695,363",
"202601","85434000","电子烟及类似的个人电子雾化设备","147","塔吉克斯坦","19119","台","675","千克","164,978",
"202601","85434000","电子烟及类似的个人电子雾化设备","149","乌兹别克斯坦","50","台","6","千克","839",
"202601","85434000","电子烟及类似的个人电子雾化设备","150","格鲁吉亚","49697","台","3805","千克","489,071",
"202601","85434000","电子烟及类似的个人电子雾化设备","151","亚美尼亚","19530","台","3649","千克","491,393",
"202601","85434000","电子烟及类似的个人电子雾化设备","152","阿塞拜疆","14264","台","2801","千克","274,921",
"202601","85434000","电子烟及类似的个人电子雾化设备","215","埃及","1113490","台","24844","千克","912,625",
"202601","85434000","电子烟及类似的个人电子雾化设备","224","肯尼亚","4200","台","166","千克","9,229",
"202601","85434000","电子烟及类似的个人电子雾化设备","226","利比亚","24010","台","2547","千克","132,254",
"202601","85434000","电子烟及类似的个人电子雾化设备","227","马达加斯加","1035","台","89","千克","5,124",
"202601","85434000","电子烟及类似的个人电子雾化设备","230","毛里塔尼亚","11002","台","1123","千克","42,511",
"202601","85434000","电子烟及类似的个人电子雾化设备","232","摩洛哥","56350","台","7330","千克","248,088",
"202601","85434000","电子烟及类似的个人电子雾化设备","234","纳米比亚","1798","台","235","千克","25,968",
"202601","85434000","电子烟及类似的个人电子雾化设备","236","尼日利亚","78221","台","5600","千克","202,327",
"202601","85434000","电子烟及类似的个人电子雾化设备","244","南非","281288","台","16048","千克","874,348",
"202601","85434000","电子烟及类似的个人电子雾化设备","249","突尼斯","1800","台","460","千克","54,138",
"202601","85434000","电子烟及类似的个人电子雾化设备","253","赞比亚","2354","台","104","千克","6,070",
"202601","85434000","电子烟及类似的个人电子雾化设备","301","比利时","1352","台","82","千克","4,069",
"202601","85434000","电子烟及类似的个人电子雾化设备","302","丹麦","26961","台","2533","千克","229,466",
"202601","85434000","电子烟及类似的个人电子雾化设备","303","英国","23456316","台","1361421","千克","55,277,830",
"202601","85434000","电子烟及类似的个人电子雾化设备","304","德国","1829943","台","189643","千克","27,878,890",
"202601","85434000","电子烟及类似的个人电子雾化设备","305","法国","1690495","台","283566","千克","12,153,253",
"202601","85434000","电子烟及类似的个人电子雾化设备","306","爱尔兰","272598","台","22539","千克","1,076,395",
"202601","85434000","电子烟及类似的个人电子雾化设备","307","意大利","989918","台","70954","千克","5,911,015",
"202601","85434000","电子烟及类似的个人电子雾化设备","309","荷兰","694157","台","39852","千克","3,815,293",
"202601","85434000","电子烟及类似的个人电子雾化设备","310","希腊","182796","台","14648","千克","1,821,829",
"202601","85434000","电子烟及类似的个人电子雾化设备","312","西班牙","402963","台","26211","千克","2,368,505",
"202601","85434000","电子烟及类似的个人电子雾化设备","314","安道尔","4340","台","484","千克","16,432",
"202601","85434000","电子烟及类似的个人电子雾化设备","315","奥地利","221600","台","10328","千克","610,717",
"202601","85434000","电子烟及类似的个人电子雾化设备","316","保加利亚","60249","台","4093","千克","333,095",
"202601","85434000","电子烟及类似的个人电子雾化设备","321","匈牙利","7845","台","1823","千克","112,567",
"202601","85434000","电子烟及类似的个人电子雾化设备","322","冰岛","1812","台","84","千克","9,709",
"202601","85434000","电子烟及类似的个人电子雾化设备","324","马耳他","5310","台","381","千克","28,350",
"202601","85434000","电子烟及类似的个人电子雾化设备","326","挪威","2546","台","272","千克","24,643",
"202601","85434000","电子烟及类似的个人电子雾化设备","327","波兰","491893","台","42526","千克","12,387,028",
"202601","85434000","电子烟及类似的个人电子雾化设备","328","罗马尼亚","238560","台","20336","千克","11,829,288",
"202601","85434000","电子烟及类似的个人电子雾化设备","329","圣马力诺","4695","台","494","千克","39,397",
"202601","85434000","电子烟及类似的个人电子雾化设备","330","瑞典","38351","台","3076","千克","207,550",
"202601","85434000","电子烟及类似的个人电子雾化设备","331","瑞士","148295","台","11907","千克","548,917",
"202601","85434000","电子烟及类似的个人电子雾化设备","334","爱沙尼亚","4000","台","171","千克","12,294",
"202601","85434000","电子烟及类似的个人电子雾化设备","335","拉脱维亚","12900","台","1051","千克","49,120",
"202601","85434000","电子烟及类似的个人电子雾化设备","336","立陶宛","19622","台","2453","千克","183,631",
"202601","85434000","电子烟及类似的个人电子雾化设备","340","白俄罗斯","17806","台","1288","千克","64,198",
"202601","85434000","电子烟及类似的个人电子雾化设备","343","摩尔多瓦","29936","台","2372","千克","177,121",
"202601","85434000","电子烟及类似的个人电子雾化设备","344","俄罗斯","936744","台","135199","千克","10,482,167",
"202601","85434000","电子烟及类似的个人电子雾化设备","347","乌克兰","233139","台","21041","千克","2,576,075",
"202601","85434000","电子烟及类似的个人电子雾化设备","350","斯洛文尼亚","18554","台","1409","千克","139,985",
"202601","85434000","电子烟及类似的个人电子雾化设备","351","克罗地亚","750025","台","28393","千克","6,256,800",
"202601","85434000","电子烟及类似的个人电子雾化设备","352","捷克","355517","台","15388","千克","1,128,018",
"202601","85434000","电子烟及类似的个人电子雾化设备","353","斯洛伐克","33980","台","1732","千克","192,706",
"202601","85434000","电子烟及类似的个人电子雾化设备","355","波斯尼亚和黑塞哥维那","20350","台","946","千克","67,280",
"202601","85434000","电子烟及类似的个人电子雾化设备","358","塞尔维亚","122015","台","7878","千克","771,726",
"202601","85434000","电子烟及类似的个人电子雾化设备","412","智利","55024","台","3611","千克","341,193",
"202601","85434000","电子烟及类似的个人电子雾化设备","413","哥伦比亚","17158","台","8828","千克","684,554",
"202601","85434000","电子烟及类似的个人电子雾化设备","415","哥斯达黎加","290","台","51","千克","4,086",
"202601","85434000","电子烟及类似的个人电子雾化设备","417","库拉索
","60","台","18","千克","3,180",
"202601","85434000","电子烟及类似的个人电子雾化设备","418","多米尼加
","181385","台","8485","千克","542,535",
"202601","85434000","电子烟及类似的个人电子雾化设备","419","厄瓜多尔","14808","台","1856","千克","150,841",
"202601","85434000","电子烟及类似的个人电子雾化设备","423","危地马拉","8400","台","265","千克","33,631",
"202601","85434000","电子烟及类似的个人电子雾化设备","429","墨西哥","6420","台","1482","千克","141,087",
"202601","85434000","电子烟及类似的个人电子雾化设备","433","巴拉圭","33481","台","2146","千克","148,703",
"202601","85434000","电子烟及类似的个人电子雾化设备","434","秘鲁","5695","台","389","千克","20,127",
"202601","85434000","电子烟及类似的个人电子雾化设备","435","波多黎各","10220","台","255","千克","20,128",
"202601","85434000","电子烟及类似的个人电子雾化设备","444","乌拉圭","2240","台","387","千克","48,720",
"202601","85434000","电子烟及类似的个人电子雾化设备","501","加拿大","2036254","台","80082","千克","5,385,778",
"202601","85434000","电子烟及类似的个人电子雾化设备","502","美国","41934969","台","1368806","千克","91,447,705",
"202601","85434000","电子烟及类似的个人电子雾化设备","601","澳大利亚","19855","台","2925","千克","190,857",
"202601","85434000","电子烟及类似的个人电子雾化设备","609","新西兰","555256","台","40666","千克","1,932,540",
"202601","85434000","电子烟及类似的个人电子雾化设备","626","美属萨摩亚
","1460","台","143","千克","6,370",
"202601","85434000","电子烟及类似的个人电子雾化设备","629","关岛
","146","台","35","千克","2,317",
"202601","85439090","品目8543所列其他设备及装置的零件","102","巴林","2786","千克","0","?","293,195",
"202601","85439090","品目8543所列其他设备及装置的零件","103","孟加拉国","11070","千克","0","?","129,602",
"202601","85439090","品目8543所列其他设备及装置的零件","105","文莱","2","千克","0","?","12",
"202601","85439090","品目8543所列其他设备及装置的零件","106","缅甸","30","千克","0","?","50",
"202601","85439090","品目8543所列其他设备及装置的零件","107","柬埔寨","170964","千克","0","?","180,252",
"202601","85439090","品目8543所列其他设备及装置的零件","108","塞浦路斯","262","千克","0","?","52,885",
"202601","85439090","品目8543所列其他设备及装置的零件","110","中国香港","115158","千克","0","?","14,659,802",
"202601","85439090","品目8543所列其他设备及装置的零件","111","印度","345794","千克","0","?","3,948,755",
"202601","85439090","品目8543所列其他设备及装置的零件","112","印度尼西亚","507382","千克","0","?","27,438,402",
"202601","85439090","品目8543所列其他设备及装置的零件","113","伊朗","566","千克","0","?","80,312",
"202601","85439090","品目8543所列其他设备及装置的零件","114","伊拉克","600","千克","0","?","11,315",
"202601","85439090","品目8543所列其他设备及装置的零件","115","以色列","17753","千克","0","?","789,205",
"202601","85439090","品目8543所列其他设备及装置的零件","116","日本","49844","千克","0","?","3,943,919",
"202601","85439090","品目8543所列其他设备及装置的零件","117","约旦","21495","千克","0","?","603,494",
"202601","85439090","品目8543所列其他设备及装置的零件","118","科威特","2195","千克","0","?","227,850",
"202601","85439090","品目8543所列其他设备及装置的零件","119","老挝","54","千克","0","?","1,921",
"202601","85439090","品目8543所列其他设备及装置的零件","120","黎巴嫩","17","千克","0","?","1,314",
"202601","85439090","品目8543所列其他设备及装置的零件","121","中国澳门","4661","千克","0","?","1,379,052",
"202601","85439090","品目8543所列其他设备及装置的零件","122","马来西亚","191267","千克","0","?","13,956,073",
"202601","85439090","品目8543所列其他设备及装置的零件","123","马尔代夫","9","千克","0","?","405",
"202601","85439090","品目8543所列其他设备及装置的零件","124","蒙古","8","千克","0","?","1,101",
"202601","85439090","品目8543所列其他设备及装置的零件","125","尼泊尔","22467","千克","0","?","139,839",
"202601","85439090","品目8543所列其他设备及装置的零件","126","阿曼","4623","千克","0","?","64,562",
"202601","85439090","品目8543所列其他设备及装置的零件","127","巴基斯坦","79914","千克","0","?","817,445",
"202601","85439090","品目8543所列其他设备及装置的零件","129","菲律宾","61614","千克","0","?","1,574,146",
"202601","85439090","品目8543所列其他设备及装置的零件","130","卡塔尔","98123","千克","0","?","122,712",
"202601","85439090","品目8543所列其他设备及装置的零件","131","沙特阿拉伯","186940","千克","0","?","1,724,151",
"202601","85439090","品目8543所列其他设备及装置的零件","132","新加坡","25663","千克","0","?","1,251,746",
"202601","85439090","品目8543所列其他设备及装置的零件","133","韩国","105622","千克","0","?","5,618,953",
"202601","85439090","品目8543所列其他设备及装置的零件","134","斯里兰卡","6334","千克","0","?","111,132",
"202601","85439090","品目8543所列其他设备及装置的零件","136","泰国","144799","千克","0","?","2,611,019",
"202601","85439090","品目8543所列其他设备及装置的零件","137","土耳其","303354","千克","0","?","2,343,510",
"202601","85439090","品目8543所列其他设备及装置的零件","138","阿联酋","29088","千克","0","?","2,380,639",
"202601","85439090","品目8543所列其他设备及装置的零件","139","也门","1189","千克","0","?","79,311",
"202601","85439090","品目8543所列其他设备及装置的零件","141","越南","4025287","千克","0","?","40,532,515",
"202601","85439090","品目8543所列其他设备及装置的零件","143","中国台湾","148702","千克","0","?","3,397,299",
"202601","85439090","品目8543所列其他设备及装置的零件","145","哈萨克斯坦","11795","千克","0","?","871,169",
"202601","85439090","品目8543所列其他设备及装置的零件","146","吉尔吉斯斯坦","7208","千克","0","?","18,750",
"202601","85439090","品目8543所列其他设备及装置的零件","147","塔吉克斯坦","453","千克","0","?","39,622",
"202601","85439090","品目8543所列其他设备及装置的零件","149","乌兹别克斯坦","56","千克","0","?","6,644",
"202601","85439090","品目8543所列其他设备及装置的零件","150","格鲁吉亚","60","千克","0","?","15,159",
"202601","85439090","品目8543所列其他设备及装置的零件","151","亚美尼亚","12","千克","0","?","610",
"202601","85439090","品目8543所列其他设备及装置的零件","152","阿塞拜疆","963","千克","0","?","96,189",
"202601","85439090","品目8543所列其他设备及装置的零件","201","阿尔及利亚","1950","千克","0","?","68,904",
"202601","85439090","品目8543所列其他设备及装置的零件","202","安哥拉","2980","千克","0","?","3,557",
"202601","85439090","品目8543所列其他设备及装置的零件","204","博茨瓦纳","2","千克","0","?","1,439",
"202601","85439090","品目8543所列其他设备及装置的零件","215","埃及","36879","千克","0","?","331,546",
"202601","85439090","品目8543所列其他设备及装置的零件","217","埃塞俄比亚","188","千克","0","?","11,233",
"202601","85439090","品目8543所列其他设备及装置的零件","218","加蓬","106","千克","0","?","300",
"202601","85439090","品目8543所列其他设备及装置的零件","220","加纳","2958","千克","0","?","22,232",
"202601","85439090","品目8543所列其他设备及装置的零件","221","几内亚","14","千克","0","?","40",
"202601","85439090","品目8543所列其他设备及装置的零件","222","几内亚比绍","0","千克","0","?","421",
"202601","85439090","品目8543所列其他设备及装置的零件","223","科特迪瓦","6","千克","0","?","236",
"202601","85439090","品目8543所列其他设备及装置的零件","224","肯尼亚","1976","千克","0","?","19,654",
"202601","85439090","品目8543所列其他设备及装置的零件","225","利比里亚","855","千克","0","?","64,802",
"202601","85439090","品目8543所列其他设备及装置的零件","226","利比亚","3418","千克","0","?","24,000",
"202601","85439090","品目8543所列其他设备及装置的零件","227","马达加斯加","3","千克","0","?","654",
"202601","85439090","品目8543所列其他设备及装置的零件","228","马拉维","39","千克","0","?","1,309",
"202601","85439090","品目8543所列其他设备及装置的零件","231","毛里求斯","1","千克","0","?","49",
"202601","85439090","品目8543所列其他设备及装置的零件","232","摩洛哥","1868","千克","0","?","97,731",
"202601","85439090","品目8543所列其他设备及装置的零件","234","纳米比亚","42","千克","0","?","6,399",
"202601","85439090","品目8543所列其他设备及装置的零件","235","尼日尔","779","千克","0","?","41,244",
"202601","85439090","品目8543所列其他设备及装置的零件","236","尼日利亚","4833","千克","0","?","44,899",
"202601","85439090","品目8543所列其他设备及装置的零件","240","塞内加尔","2509","千克","0","?","19,595",
"202601","85439090","品目8543所列其他设备及装置的零件","243","索马里","0","千克","0","?","797",
"202601","85439090","品目8543所列其他设备及装置的零件","244","南非","26760","千克","0","?","671,116",
"202601","85439090","品目8543所列其他设备及装置的零件","246","苏丹","300","千克","0","?","15,419",
"202601","85439090","品目8543所列其他设备及装置的零件","247","坦桑尼亚","1057","千克","0","?","85,570",
"202601","85439090","品目8543所列其他设备及装置的零件","248","多哥","6","千克","0","?","587",
"202601","85439090","品目8543所列其他设备及装置的零件","249","突尼斯","25597","千克","0","?","398,406",
"202601","85439090","品目8543所列其他设备及装置的零件","250","乌干达","291","千克","0","?","24,061",
"202601","85439090","品目8543所列其他设备及装置的零件","252","刚果民主共和国","425186","千克","0","?","2,288,177",
"202601","85439090","品目8543所列其他设备及装置的零件","253","赞比亚","37","千克","0","?","2,665",
"202601","85439090","品目8543所列其他设备及装置的零件","260","南苏丹","311","千克","0","?","11,141",
"202601","85439090","品目8543所列其他设备及装置的零件","301","比利时","2992","千克","0","?","130,681",
"202601","85439090","品目8543所列其他设备及装置的零件","302","丹麦","3374","千克","0","?","329,465",
"202601","85439090","品目8543所列其他设备及装置的零件","303","英国","137723","千克","0","?","15,405,526",
"202601","85439090","品目8543所列其他设备及装置的零件","304","德国","78697","千克","0","?","5,815,294",
"202601","85439090","品目8543所列其他设备及装置的零件","305","法国","132243","千克","0","?","13,853,747",
"202601","85439090","品目8543所列其他设备及装置的零件","306","爱尔兰","4077","千克","0","?","364,481",
"202601","85439090","品目8543所列其他设备及装置的零件","307","意大利","110766","千克","0","?","5,297,369",
"202601","85439090","品目8543所列其他设备及装置的零件","308","卢森堡","87","千克","0","?","3,007",
"202601","85439090","品目8543所列其他设备及装置的零件","309","荷兰","36585","千克","0","?","1,994,482",
"202601","85439090","品目8543所列其他设备及装置的零件","310","希腊","18115","千克","0","?","1,345,761",
"202601","85439090","品目8543所列其他设备及装置的零件","311","葡萄牙","574","千克","0","?","30,518",
"202601","85439090","品目8543所列其他设备及装置的零件","312","西班牙","66169","千克","0","?","3,305,537",
"202601","85439090","品目8543所列其他设备及装置的零件","313","阿尔巴尼亚","13","千克","0","?","1,673",
"202601","85439090","品目8543所列其他设备及装置的零件","314","安道尔","439","千克","0","?","76,705",
"202601","85439090","品目8543所列其他设备及装置的零件","315","奥地利","1541","千克","0","?","116,431",
"202601","85439090","品目8543所列其他设备及装置的零件","316","保加利亚","3555","千克","0","?","350,937",
"202601","85439090","品目8543所列其他设备及装置的零件","318","芬兰","984","千克","0","?","110,581",
"202601","85439090","品目8543所列其他设备及装置的零件","321","匈牙利","15330","千克","0","?","521,840",
"202601","85439090","品目8543所列其他设备及装置的零件","322","冰岛","196","千克","0","?","32,441",
"202601","85439090","品目8543所列其他设备及装置的零件","324","马耳他","732","千克","0","?","112,258",
"202601","85439090","品目8543所列其他设备及装置的零件","325","摩纳哥","25","千克","0","?","1,240",
"202601","85439090","品目8543所列其他设备及装置的零件","326","挪威","472378","千克","0","?","905,470",
"202601","85439090","品目8543所列其他设备及装置的零件","327","波兰","31779","千克","0","?","3,190,416",
"202601","85439090","品目8543所列其他设备及装置的零件","328","罗马尼亚","2238","千克","0","?","199,737",
"202601","85439090","品目8543所列其他设备及装置的零件","329","圣马力诺","453","千克","0","?","43,412",
"202601","85439090","品目8543所列其他设备及装置的零件","330","瑞典","14533","千克","0","?","544,834",
"202601","85439090","品目8543所列其他设备及装置的零件","331","瑞士","1940","千克","0","?","261,782",
"202601","85439090","品目8543所列其他设备及装置的零件","334","爱沙尼亚","245","千克","0","?","20,130",
"202601","85439090","品目8543所列其他设备及装置的零件","335","拉脱维亚","360","千克","0","?","26,229",
"202601","85439090","品目8543所列其他设备及装置的零件","336","立陶宛","2492","千克","0","?","358,040",
"202601","85439090","品目8543所列其他设备及装置的零件","340","白俄罗斯","12842","千克","0","?","506,760",
"202601","85439090","品目8543所列其他设备及装置的零件","343","摩尔多瓦","2908","千克","0","?","160,762",
"202601","85439090","品目8543所列其他设备及装置的零件","344","俄罗斯","159028","千克","0","?","9,268,258",
"202601","85439090","品目8543所列其他设备及装置的零件","347","乌克兰","11405","千克","0","?","1,379,595",
"202601","85439090","品目8543所列其他设备及装置的零件","350","斯洛文尼亚","11789","千克","0","?","1,611,588",
"202601","85439090","品目8543所列其他设备及装置的零件","351","克罗地亚","5795","千克","0","?","1,049,643",
"202601","85439090","品目8543所列其他设备及装置的零件","352","捷克","41964","千克","0","?","934,884",
"202601","85439090","品目8543所列其他设备及装置的零件","353","斯洛伐克","409","千克","0","?","40,850",
"202601","85439090","品目8543所列其他设备及装置的零件","355","波斯尼亚和黑塞哥维那","328","千克","0","?","47,145",
"202601","85439090","品目8543所列其他设备及装置的零件","358","塞尔维亚","1855","千克","0","?","134,722",
"202601","85439090","品目8543所列其他设备及装置的零件","359","黑山","5","千克","0","?","480",
"202601","85439090","品目8543所列其他设备及装置的零件","402","阿根廷","145008","千克","0","?","339,638",
"202601","85439090","品目8543所列其他设备及装置的零件","404","巴哈马","29","千克","0","?","4,893",
"202601","85439090","品目8543所列其他设备及装置的零件","408","玻利维亚
","3","千克","0","?","995",
"202601","85439090","品目8543所列其他设备及装置的零件","410","巴西","39163","千克","0","?","807,852",
"202601","85439090","品目8543所列其他设备及装置的零件","412","智利","27571","千克","0","?","163,267",
"202601","85439090","品目8543所列其他设备及装置的零件","413","哥伦比亚","2774","千克","0","?","66,049",
"202601","85439090","品目8543所列其他设备及装置的零件","415","哥斯达黎加","38","千克","0","?","5,038",
"202601","85439090","品目8543所列其他设备及装置的零件","418","多米尼加
","3836","千克","0","?","368,404",
"202601","85439090","品目8543所列其他设备及装置的零件","419","厄瓜多尔","4804","千克","0","?","83,240",
"202601","85439090","品目8543所列其他设备及装置的零件","420","法属圭亚那","1","千克","0","?","1",
"202601","85439090","品目8543所列其他设备及装置的零件","423","危地马拉","26","千克","0","?","1,616",
"202601","85439090","品目8543所列其他设备及装置的零件","429","墨西哥","40957","千克","0","?","1,342,970",
"202601","85439090","品目8543所列其他设备及装置的零件","432","巴拿马","678","千克","0","?","69,277",
"202601","85439090","品目8543所列其他设备及装置的零件","433","巴拉圭","711","千克","0","?","110,573",
"202601","85439090","品目8543所列其他设备及装置的零件","434","秘鲁","39218","千克","0","?","173,590",
"202601","85439090","品目8543所列其他设备及装置的零件","435","波多黎各","0","千克","0","?","30",
"202601","85439090","品目8543所列其他设备及装置的零件","440","萨尔瓦多","17","千克","0","?","1,523",
"202601","85439090","品目8543所列其他设备及装置的零件","442","特立尼达和多巴哥","3","千克","0","?","4,600",
"202601","85439090","品目8543所列其他设备及装置的零件","444","乌拉圭","1212","千克","0","?","8,031",
"202601","85439090","品目8543所列其他设备及装置的零件","445","委内瑞拉","10","千克","0","?","1,674",
"202601","85439090","品目8543所列其他设备及装置的零件","447","圣基茨和尼维斯
","15","千克","0","?","595",
"202601","85439090","品目8543所列其他设备及装置的零件","501","加拿大","834017","千克","0","?","12,386,858",
"202601","85439090","品目8543所列其他设备及装置的零件","502","美国","976396","千克","0","?","48,058,420",
"202601","85439090","品目8543所列其他设备及装置的零件","601","澳大利亚","76045","千克","0","?","1,072,223",
"202601","85439090","品目8543所列其他设备及装置的零件","607","新喀里多尼亚","2","千克","0","?","3,600",
"202601","85439090","品目8543所列其他设备及装置的零件","609","新西兰","18222","千克","0","?","710,142",
"202601","85439090","品目8543所列其他设备及装置的零件","621","马绍尔群岛","407","千克","0","?","25,015",
"202601","85439090","品目8543所列其他设备及装置的零件","622","帕劳","20","千克","0","?","6,649",
"202601","85439090","品目8543所列其他设备及装置的零件","629","关岛
","1","千克","0","?","108",
"202602","24041200","其他含尼古丁的非经燃烧吸用的产品","102","巴林","8558","千克","0","?","264,724",
"202602","24041200","其他含尼古丁的非经燃烧吸用的产品","106","缅甸","3611","千克","0","?","172,948",
"202602","24041200","其他含尼古丁的非经燃烧吸用的产品","108","塞浦路斯","1180","千克","0","?","75,693",
"202602","24041200","其他含尼古丁的非经燃烧吸用的产品","110","中国香港","170","千克","0","?","3,927",
"202602","24041200","其他含尼古丁的非经燃烧吸用的产品","112","印度尼西亚","340343","千克","0","?","11,176,551",
"202602","24041200","其他含尼古丁的非经燃烧吸用的产品","114","伊拉克","4800","千克","0","?","128,802",
"202602","24041200","其他含尼古丁的非经燃烧吸用的产品","115","以色列","23649","千克","0","?","875,570",
"202602","24041200","其他含尼古丁的非经燃烧吸用的产品","116","日本","2107","千克","0","?","71,752",
"202602","24041200","其他含尼古丁的非经燃烧吸用的产品","117","约旦","1220","千克","0","?","44,986",
"202602","24041200","其他含尼古丁的非经燃烧吸用的产品","118","科威特","88333","千克","0","?","4,122,396",
"202602","24041200","其他含尼古丁的非经燃烧吸用的产品","120","黎巴嫩","1584","千克","0","?","43,376",
"202602","24041200","其他含尼古丁的非经燃烧吸用的产品","122","马来西亚","414933","千克","0","?","15,574,272",
"202602","24041200","其他含尼古丁的非经燃烧吸用的产品","124","蒙古","37203","千克","0","?","1,328,755",
"202602","24041200","其他含尼古丁的非经燃烧吸用的产品","125","尼泊尔","30273","千克","0","?","1,268,446",
"202602","24041200","其他含尼古丁的非经燃烧吸用的产品","126","阿曼","243","千克","0","?","9,310",
"202602","24041200","其他含尼古丁的非经燃烧吸用的产品","127","巴基斯坦","38556","千克","0","?","1,336,976",
"202602","24041200","其他含尼古丁的非经燃烧吸用的产品","129","菲律宾","117125","千克","0","?","4,195,983",
"202602","24041200","其他含尼古丁的非经燃烧吸用的产品","131","沙特阿拉伯","139135","千克","0","?","4,943,682",
"202602","24041200","其他含尼古丁的非经燃烧吸用的产品","133","韩国","691761","千克","0","?","23,386,867",
"202602","24041200","其他含尼古丁的非经燃烧吸用的产品","138","阿联酋","1063661","千克","0","?","33,191,508",
"202602","24041200","其他含尼古丁的非经燃烧吸用的产品","139","也门","1441","千克","0","?","45,366",
"202602","24041200","其他含尼古丁的非经燃烧吸用的产品","145","哈萨克斯坦","60","千克","0","?","1,626",
"202602","24041200","其他含尼古丁的非经燃烧吸用的产品","147","塔吉克斯坦","3754","千克","0","?","143,998",
"202602","24041200","其他含尼古丁的非经燃烧吸用的产品","150","格鲁吉亚","51067","千克","0","?","1,728,148",
"202602","24041200","其他含尼古丁的非经燃烧吸用的产品","151","亚美尼亚","38364","千克","0","?","1,109,567",
"202602","24041200","其他含尼古丁的非经燃烧吸用的产品","152","阿塞拜疆","212257","千克","0","?","6,171,385",
"202602","24041200","其他含尼古丁的非经燃烧吸用的产品","202","安哥拉","800","千克","0","?","33,876",
"202602","24041200","其他含尼古丁的非经燃烧吸用的产品","211","乍得","1566","千克","0","?","62,964",
"202602","24041200","其他含尼古丁的非经燃烧吸用的产品","214","吉布提","17","千克","0","?","200",
"202602","24041200","其他含尼古丁的非经燃烧吸用的产品","215","埃及","26262","千克","0","?","727,281",
"202602","24041200","其他含尼古丁的非经燃烧吸用的产品","220","加纳","101","千克","0","?","4,560",
"202602","24041200","其他含尼古丁的非经燃烧吸用的产品","223","科特迪瓦","662","千克","0","?","23,784",
"202602","24041200","其他含尼古丁的非经燃烧吸用的产品","224","肯尼亚","2842","千克","0","?","112,938",
"202602","24041200","其他含尼古丁的非经燃烧吸用的产品","226","利比亚","33163","千克","0","?","1,081,087",
"202602","24041200","其他含尼古丁的非经燃烧吸用的产品","230","毛里塔尼亚","547","千克","0","?","17,707",
"202602","24041200","其他含尼古丁的非经燃烧吸用的产品","232","摩洛哥","295890","千克","0","?","7,787,998",
"202602","24041200","其他含尼古丁的非经燃烧吸用的产品","236","尼日利亚","8101","千克","0","?","256,734",
"202602","24041200","其他含尼古丁的非经燃烧吸用的产品","237","留尼汪","1041","千克","0","?","41,506",
"202602","24041200","其他含尼古丁的非经燃烧吸用的产品","240","塞内加尔","369","千克","0","?","16,900",
"202602","24041200","其他含尼古丁的非经燃烧吸用的产品","244","南非","219913","千克","0","?","8,725,106",
"202602","24041200","其他含尼古丁的非经燃烧吸用的产品","248","多哥","1239","千克","0","?","17,671",
"202602","24041200","其他含尼古丁的非经燃烧吸用的产品","249","突尼斯","1119","千克","0","?","75,705",
"202602","24041200","其他含尼古丁的非经燃烧吸用的产品","253","赞比亚","5367","千克","0","?","201,415",
"202602","24041200","其他含尼古丁的非经燃烧吸用的产品","254","津巴布韦","50804","千克","0","?","1,473,486",
"202602","24041200","其他含尼古丁的非经燃烧吸用的产品","301","比利时","38721","千克","0","?","2,505,227",
"202602","24041200","其他含尼古丁的非经燃烧吸用的产品","302","丹麦","6471","千克","0","?","406,510",
"202602","24041200","其他含尼古丁的非经燃烧吸用的产品","303","英国","1023131","千克","0","?","31,973,047",
"202602","24041200","其他含尼古丁的非经燃烧吸用的产品","304","德国","582413","千克","0","?","24,917,233",
"202602","24041200","其他含尼古丁的非经燃烧吸用的产品","305","法国","196818","千克","0","?","6,136,425",
"202602","24041200","其他含尼古丁的非经燃烧吸用的产品","306","爱尔兰","26097","千克","0","?","945,023",
"202602","24041200","其他含尼古丁的非经燃烧吸用的产品","307","意大利","109927","千克","0","?","4,104,906",
"202602","24041200","其他含尼古丁的非经燃烧吸用的产品","308","卢森堡","419","千克","0","?","7,798",
"202602","24041200","其他含尼古丁的非经燃烧吸用的产品","309","荷兰","286693","千克","0","?","9,578,308",
"202602","24041200","其他含尼古丁的非经燃烧吸用的产品","310","希腊","23279","千克","0","?","1,559,237",
"202602","24041200","其他含尼古丁的非经燃烧吸用的产品","311","葡萄牙","15964","千克","0","?","397,817",
"202602","24041200","其他含尼古丁的非经燃烧吸用的产品","312","西班牙","102134","千克","0","?","3,295,327",
"202602","24041200","其他含尼古丁的非经燃烧吸用的产品","313","阿尔巴尼亚","3443","千克","0","?","116,817",
"202602","24041200","其他含尼古丁的非经燃烧吸用的产品","315","奥地利","38333","千克","0","?","1,469,650",
"202602","24041200","其他含尼古丁的非经燃烧吸用的产品","316","保加利亚","21152","千克","0","?","799,136",
"202602","24041200","其他含尼古丁的非经燃烧吸用的产品","318","芬兰","2428","千克","0","?","62,144",
"202602","24041200","其他含尼古丁的非经燃烧吸用的产品","321","匈牙利","1244","千克","0","?","22,845",
"202602","24041200","其他含尼古丁的非经燃烧吸用的产品","322","冰岛","9617","千克","0","?","371,353",
"202602","24041200","其他含尼古丁的非经燃烧吸用的产品","324","马耳他","8523","千克","0","?","232,486",
"202602","24041200","其他含尼古丁的非经燃烧吸用的产品","327","波兰","130758","千克","0","?","4,740,071",
"202602","24041200","其他含尼古丁的非经燃烧吸用的产品","328","罗马尼亚","30358","千克","0","?","1,949,333",
"202602","24041200","其他含尼古丁的非经燃烧吸用的产品","329","圣马力诺","747","千克","0","?","26,330",
"202602","24041200","其他含尼古丁的非经燃烧吸用的产品","330","瑞典","82441","千克","0","?","2,822,847",
"202602","24041200","其他含尼古丁的非经燃烧吸用的产品","331","瑞士","32521","千克","0","?","1,272,711",
"202602","24041200","其他含尼古丁的非经燃烧吸用的产品","334","爱沙尼亚","19508","千克","0","?","947,200",
"202602","24041200","其他含尼古丁的非经燃烧吸用的产品","335","拉脱维亚","22401","千克","0","?","1,248,058",
"202602","24041200","其他含尼古丁的非经燃烧吸用的产品","336","立陶宛","1042","千克","0","?","47,042",
"202602","24041200","其他含尼古丁的非经燃烧吸用的产品","340","白俄罗斯","7221","千克","0","?","406,361",
"202602","24041200","其他含尼古丁的非经燃烧吸用的产品","343","摩尔多瓦","97088","千克","0","?","2,698,338",
"202602","24041200","其他含尼古丁的非经燃烧吸用的产品","344","俄罗斯","584541","千克","0","?","22,644,855",
"202602","24041200","其他含尼古丁的非经燃烧吸用的产品","347","乌克兰","118","千克","0","?","4,943",
"202602","24041200","其他含尼古丁的非经燃烧吸用的产品","350","斯洛文尼亚","829","千克","0","?","54,352",
"202602","24041200","其他含尼古丁的非经燃烧吸用的产品","351","克罗地亚","119753","千克","0","?","6,119,616",
"202602","24041200","其他含尼古丁的非经燃烧吸用的产品","352","捷克","48991","千克","0","?","1,888,395",
"202602","24041200","其他含尼古丁的非经燃烧吸用的产品","353","斯洛伐克","6957","千克","0","?","255,078",
"202602","24041200","其他含尼古丁的非经燃烧吸用的产品","355","波斯尼亚和黑塞哥维那","784","千克","0","?","39,864",
"202602","24041200","其他含尼古丁的非经燃烧吸用的产品","358","塞尔维亚","23716","千克","0","?","956,236",
"202602","24041200","其他含尼古丁的非经燃烧吸用的产品","404","巴哈马","124","千克","0","?","9,936",
"202602","24041200","其他含尼古丁的非经燃烧吸用的产品","408","玻利维亚
","2047","千克","0","?","57,985",
"202602","24041200","其他含尼古丁的非经燃烧吸用的产品","412","智利","20414","千克","0","?","909,409",
"202602","24041200","其他含尼古丁的非经燃烧吸用的产品","413","哥伦比亚","156188","千克","0","?","6,063,012",
"202602","24041200","其他含尼古丁的非经燃烧吸用的产品","415","哥斯达黎加","10410","千克","0","?","413,212",
"202602","24041200","其他含尼古丁的非经燃烧吸用的产品","418","多米尼加
","30484","千克","0","?","924,759",
"202602","24041200","其他含尼古丁的非经燃烧吸用的产品","419","厄瓜多尔","3421","千克","0","?","123,147",
"202602","24041200","其他含尼古丁的非经燃烧吸用的产品","423","危地马拉","9253","千克","0","?","330,374",
"202602","24041200","其他含尼古丁的非经燃烧吸用的产品","424","圭亚那","1203","千克","0","?","38,911",
"202602","24041200","其他含尼古丁的非经燃烧吸用的产品","426","洪都拉斯","244","千克","0","?","10,437",
"202602","24041200","其他含尼古丁的非经燃烧吸用的产品","427","牙买加","660","千克","0","?","8,375",
"202602","24041200","其他含尼古丁的非经燃烧吸用的产品","432","巴拿马","22559","千克","0","?","722,857",
"202602","24041200","其他含尼古丁的非经燃烧吸用的产品","433","巴拉圭","150573","千克","0","?","5,005,691",
"202602","24041200","其他含尼古丁的非经燃烧吸用的产品","434","秘鲁","25797","千克","0","?","846,170",
"202602","24041200","其他含尼古丁的非经燃烧吸用的产品","440","萨尔瓦多","1859","千克","0","?","74,196",
"202602","24041200","其他含尼古丁的非经燃烧吸用的产品","501","加拿大","421073","千克","0","?","15,908,247",
"202602","24041200","其他含尼古丁的非经燃烧吸用的产品","502","美国","4812017","千克","0","?","194,218,114",
"202602","24041200","其他含尼古丁的非经燃烧吸用的产品","601","澳大利亚","3767","千克","0","?","294,857",
"202602","24041200","其他含尼古丁的非经燃烧吸用的产品","607","新喀里多尼亚","4830","千克","0","?","382,055",
"202602","24041200","其他含尼古丁的非经燃烧吸用的产品","609","新西兰","114091","千克","0","?","5,223,275",
"202602","24041200","其他含尼古丁的非经燃烧吸用的产品","619","图瓦卢","476","千克","0","?","18,300",
"202602","24041200","其他含尼古丁的非经燃烧吸用的产品","623","法属波利尼西亚","9235","千克","0","?","288,237",
"202602","24041200","其他含尼古丁的非经燃烧吸用的产品","629","关岛
","2550","千克","0","?","96,390",
"202602","85434000","电子烟及类似的个人电子雾化设备","102","巴林","14749","台","1522","千克","124,488",
"202602","85434000","电子烟及类似的个人电子雾化设备","108","塞浦路斯","11000","台","864","千克","35,500",
"202602","85434000","电子烟及类似的个人电子雾化设备","110","中国香港","56527","台","1945","千克","114,740",
"202602","85434000","电子烟及类似的个人电子雾化设备","111","印度","20000","台","2000","千克","3,600",
"202602","85434000","电子烟及类似的个人电子雾化设备","112","印度尼西亚","1465404","台","140849","千克","7,666,181",
"202602","85434000","电子烟及类似的个人电子雾化设备","114","伊拉克","15973","台","3011","千克","249,317",
"202602","85434000","电子烟及类似的个人电子雾化设备","115","以色列","872202","台","60698","千克","2,670,715",
"202602","85434000","电子烟及类似的个人电子雾化设备","116","日本","1059875","台","143314","千克","28,130,158",
"202602","85434000","电子烟及类似的个人电子雾化设备","117","约旦","15750","台","2812","千克","210,657",
"202602","85434000","电子烟及类似的个人电子雾化设备","118","科威特","16107","台","1573","千克","183,583",
"202602","85434000","电子烟及类似的个人电子雾化设备","120","黎巴嫩","9200","台","1989","千克","337,104",
"202602","85434000","电子烟及类似的个人电子雾化设备","122","马来西亚","559452","台","56649","千克","2,366,936",
"202602","85434000","电子烟及类似的个人电子雾化设备","124","蒙古","73000","台","5890","千克","242,654",
"202602","85434000","电子烟及类似的个人电子雾化设备","127","巴基斯坦","109550","台","7726","千克","484,833",
"202602","85434000","电子烟及类似的个人电子雾化设备","129","菲律宾","161148","台","6224","千克","185,239",
"202602","85434000","电子烟及类似的个人电子雾化设备","131","沙特阿拉伯","110934","台","14492","千克","1,261,574",
"202602","85434000","电子烟及类似的个人电子雾化设备","132","新加坡","4400","台","534","千克","32,709",
"202602","85434000","电子烟及类似的个人电子雾化设备","133","韩国","614964","台","71532","千克","6,776,529",
"202602","85434000","电子烟及类似的个人电子雾化设备","137","土耳其","22860","台","5905","千克","779,059",
"202602","85434000","电子烟及类似的个人电子雾化设备","138","阿联酋","285443","台","28326","千克","1,793,003",
"202602","85434000","电子烟及类似的个人电子雾化设备","145","哈萨克斯坦","25698","台","5431","千克","974,171",
"202602","85434000","电子烟及类似的个人电子雾化设备","146","吉尔吉斯斯坦","4470","台","1339","千克","206,074",
"202602","85434000","电子烟及类似的个人电子雾化设备","147","塔吉克斯坦","8000","台","400","千克","16,055",
"202602","85434000","电子烟及类似的个人电子雾化设备","150","格鲁吉亚","17980","台","1332","千克","209,008",
"202602","85434000","电子烟及类似的个人电子雾化设备","152","阿塞拜疆","11700","台","916","千克","69,612",
"202602","85434000","电子烟及类似的个人电子雾化设备","206","喀麦隆","1600","台","70","千克","2,893",
"202602","85434000","电子烟及类似的个人电子雾化设备","215","埃及","3076692","台","58556","千克","2,642,935",
"202602","85434000","电子烟及类似的个人电子雾化设备","223","科特迪瓦","1000","台","101","千克","7,304",
"202602","85434000","电子烟及类似的个人电子雾化设备","224","肯尼亚","10","台","2","千克","34",
"202602","85434000","电子烟及类似的个人电子雾化设备","226","利比亚","28250","台","2960","千克","84,420",
"202602","85434000","电子烟及类似的个人电子雾化设备","232","摩洛哥","14949","台","2083","千克","193,795",
"202602","85434000","电子烟及类似的个人电子雾化设备","236","尼日利亚","2000","台","202","千克","14,608",
"202602","85434000","电子烟及类似的个人电子雾化设备","237","留尼汪","9600","台","959","千克","25,994",
"202602","85434000","电子烟及类似的个人电子雾化设备","244","南非","260887","台","16622","千克","1,097,292",
"202602","85434000","电子烟及类似的个人电子雾化设备","249","突尼斯","2580","台","709","千克","100,337",
"202602","85434000","电子烟及类似的个人电子雾化设备","254","津巴布韦","500","台","34","千克","6,225",
"202602","85434000","电子烟及类似的个人电子雾化设备","301","比利时","57607","台","2904","千克","200,460",
"202602","85434000","电子烟及类似的个人电子雾化设备","302","丹麦","24343","台","2178","千克","172,881",
"202602","85434000","电子烟及类似的个人电子雾化设备","303","英国","15183185","台","988379","千克","37,776,275",
"202602","85434000","电子烟及类似的个人电子雾化设备","304","德国","2067677","台","199741","千克","30,992,602",
"202602","85434000","电子烟及类似的个人电子雾化设备","305","法国","995538","台","212355","千克","9,343,646",
"202602","85434000","电子烟及类似的个人电子雾化设备","306","爱尔兰","87090","台","2916","千克","195,062",
"202602","85434000","电子烟及类似的个人电子雾化设备","307","意大利","504936","台","33416","千克","2,478,958",
"202602","85434000","电子烟及类似的个人电子雾化设备","308","卢森堡","5400","台","116","千克","8,922",
"202602","85434000","电子烟及类似的个人电子雾化设备","309","荷兰","291059","台","13889","千克","1,352,169",
"202602","85434000","电子烟及类似的个人电子雾化设备","310","希腊","105500","台","7989","千克","1,529,461",
"202602","85434000","电子烟及类似的个人电子雾化设备","311","葡萄牙","1306","台","117","千克","8,904",
"202602","85434000","电子烟及类似的个人电子雾化设备","312","西班牙","106075","台","7251","千克","858,713",
"202602","85434000","电子烟及类似的个人电子雾化设备","314","安道尔","1433","台","147","千克","10,310",
"202602","85434000","电子烟及类似的个人电子雾化设备","315","奥地利","70889","台","4667","千克","284,396",
"202602","85434000","电子烟及类似的个人电子雾化设备","316","保加利亚","124621","台","9235","千克","434,809",
"202602","85434000","电子烟及类似的个人电子雾化设备","318","芬兰","1","台","0","千克","17",
"202602","85434000","电子烟及类似的个人电子雾化设备","321","匈牙利","2288","台","257","千克","14,701",
"202602","85434000","电子烟及类似的个人电子雾化设备","322","冰岛","8653","台","420","千克","26,763",
"202602","85434000","电子烟及类似的个人电子雾化设备","324","马耳他","1840","台","55","千克","221",
"202602","85434000","电子烟及类似的个人电子雾化设备","326","挪威","1451","台","191","千克","19,137",
"202602","85434000","电子烟及类似的个人电子雾化设备","327","波兰","404501","台","31827","千克","4,966,833",
"202602","85434000","电子烟及类似的个人电子雾化设备","328","罗马尼亚","111439","台","7267","千克","2,741,507",
"202602","85434000","电子烟及类似的个人电子雾化设备","329","圣马力诺","1200","台","79","千克","4,660",
"202602","85434000","电子烟及类似的个人电子雾化设备","330","瑞典","41262","台","2112","千克","103,754",
"202602","85434000","电子烟及类似的个人电子雾化设备","331","瑞士","357712","台","30240","千克","1,101,291",
"202602","85434000","电子烟及类似的个人电子雾化设备","334","爱沙尼亚","1500","台","74","千克","5,220",
"202602","85434000","电子烟及类似的个人电子雾化设备","335","拉脱维亚","25095","台","1547","千克","81,615",
"202602","85434000","电子烟及类似的个人电子雾化设备","336","立陶宛","52730","台","5822","千克","448,360",
"202602","85434000","电子烟及类似的个人电子雾化设备","340","白俄罗斯","15099","台","1221","千克","97,733",
"202602","85434000","电子烟及类似的个人电子雾化设备","343","摩尔多瓦","19300","台","2071","千克","154,419",
"202602","85434000","电子烟及类似的个人电子雾化设备","344","俄罗斯","648480","台","72906","千克","10,943,892",
"202602","85434000","电子烟及类似的个人电子雾化设备","347","乌克兰","134920","台","11338","千克","1,596,725",
"202602","85434000","电子烟及类似的个人电子雾化设备","350","斯洛文尼亚","47396","台","3724","千克","429,365",
"202602","85434000","电子烟及类似的个人电子雾化设备","351","克罗地亚","611494","台","22039","千克","3,021,132",
"202602","85434000","电子烟及类似的个人电子雾化设备","352","捷克","207028","台","11028","千克","869,617",
"202602","85434000","电子烟及类似的个人电子雾化设备","353","斯洛伐克","9000","台","346","千克","16,830",
"202602","85434000","电子烟及类似的个人电子雾化设备","355","波斯尼亚和黑塞哥维那","55150","台","4036","千克","162,217",
"202602","85434000","电子烟及类似的个人电子雾化设备","358","塞尔维亚","90307","台","7684","千克","943,550",
"202602","85434000","电子烟及类似的个人电子雾化设备","412","智利","11607","台","1291","千克","70,196",
"202602","85434000","电子烟及类似的个人电子雾化设备","413","哥伦比亚","40790","台","7936","千克","837,888",
"202602","85434000","电子烟及类似的个人电子雾化设备","415","哥斯达黎加","3000","台","443","千克","17,610",
"202602","85434000","电子烟及类似的个人电子雾化设备","418","多米尼加
","163400","台","7153","千克","337,485",
"202602","85434000","电子烟及类似的个人电子雾化设备","419","厄瓜多尔","43178","台","2594","千克","142,137",
"202602","85434000","电子烟及类似的个人电子雾化设备","423","危地马拉","4596","台","296","千克","21,103",
"202602","85434000","电子烟及类似的个人电子雾化设备","424","圭亚那","90","台","4","千克","239",
"202602","85434000","电子烟及类似的个人电子雾化设备","429","墨西哥","11160","台","2593","千克","245,796",
"202602","85434000","电子烟及类似的个人电子雾化设备","432","巴拿马","7200","台","580","千克","26,311",
"202602","85434000","电子烟及类似的个人电子雾化设备","433","巴拉圭","50719","台","3930","千克","274,633",
"202602","85434000","电子烟及类似的个人电子雾化设备","434","秘鲁","20164","台","1418","千克","54,057",
"202602","85434000","电子烟及类似的个人电子雾化设备","501","加拿大","1374486","台","54041","千克","3,473,590",
"202602","85434000","电子烟及类似的个人电子雾化设备","502","美国","32117283","台","1059056","千克","71,871,004",
"202602","85434000","电子烟及类似的个人电子雾化设备","601","澳大利亚","15556","台","1819","千克","169,752",
"202602","85434000","电子烟及类似的个人电子雾化设备","609","新西兰","541580","台","38085","千克","2,101,666",
"202602","85434000","电子烟及类似的个人电子雾化设备","623","法属波利尼西亚","54700","台","6089","千克","199,146",
"202602","85439090","品目8543所列其他设备及装置的零件","102","巴林","51848","千克","0","?","192,609",
"202602","85439090","品目8543所列其他设备及装置的零件","103","孟加拉国","22991","千克","0","?","85,365",
"202602","85439090","品目8543所列其他设备及装置的零件","105","文莱","0","千克","0","?","11",
"202602","85439090","品目8543所列其他设备及装置的零件","106","缅甸","369","千克","0","?","9,727",
"202602","85439090","品目8543所列其他设备及装置的零件","107","柬埔寨","3790","千克","0","?","31,472",
"202602","85439090","品目8543所列其他设备及装置的零件","108","塞浦路斯","6515","千克","0","?","153,080",
"202602","85439090","品目8543所列其他设备及装置的零件","110","中国香港","44355","千克","0","?","13,410,051",
"202602","85439090","品目8543所列其他设备及装置的零件","111","印度","322104","千克","0","?","12,522,860",
"202602","85439090","品目8543所列其他设备及装置的零件","112","印度尼西亚","1367808","千克","0","?","26,707,631",
"202602","85439090","品目8543所列其他设备及装置的零件","113","伊朗","1530","千克","0","?","125,163",
"202602","85439090","品目8543所列其他设备及装置的零件","114","伊拉克","2029","千克","0","?","21,662",
"202602","85439090","品目8543所列其他设备及装置的零件","115","以色列","22060","千克","0","?","1,160,731",
"202602","85439090","品目8543所列其他设备及装置的零件","116","日本","40477","千克","0","?","2,635,724",
"202602","85439090","品目8543所列其他设备及装置的零件","117","约旦","3322","千克","0","?","109,947",
"202602","85439090","品目8543所列其他设备及装置的零件","118","科威特","2051","千克","0","?","131,976",
"202602","85439090","品目8543所列其他设备及装置的零件","119","老挝","46","千克","0","?","660",
"202602","85439090","品目8543所列其他设备及装置的零件","120","黎巴嫩","358","千克","0","?","78,008",
"202602","85439090","品目8543所列其他设备及装置的零件","121","中国澳门","2068","千克","0","?","792,113",
"202602","85439090","品目8543所列其他设备及装置的零件","122","马来西亚","208930","千克","0","?","11,652,215",
"202602","85439090","品目8543所列其他设备及装置的零件","123","马尔代夫","70","千克","0","?","6,389",
"202602","85439090","品目8543所列其他设备及装置的零件","124","蒙古","242","千克","0","?","5,897",
"202602","85439090","品目8543所列其他设备及装置的零件","125","尼泊尔","2","千克","0","?","3,237",
"202602","85439090","品目8543所列其他设备及装置的零件","126","阿曼","293804","千克","0","?","1,009,216",
"202602","85439090","品目8543所列其他设备及装置的零件","127","巴基斯坦","147191","千克","0","?","842,671",
"202602","85439090","品目8543所列其他设备及装置的零件","128","巴勒斯坦","19","千克","0","?","185",
"202602","85439090","品目8543所列其他设备及装置的零件","129","菲律宾","28878","千克","0","?","826,036",
"202602","85439090","品目8543所列其他设备及装置的零件","130","卡塔尔","6","千克","0","?","1,592",
"202602","85439090","品目8543所列其他设备及装置的零件","131","沙特阿拉伯","137049","千克","0","?","2,717,310",
"202602","85439090","品目8543所列其他设备及装置的零件","132","新加坡","39923","千克","0","?","791,324",
"202602","85439090","品目8543所列其他设备及装置的零件","133","韩国","102545","千克","0","?","5,768,409",
"202602","85439090","品目8543所列其他设备及装置的零件","134","斯里兰卡","655","千克","0","?","13,004",
"202602","85439090","品目8543所列其他设备及装置的零件","135","叙利亚","296","千克","0","?","3,702",
"202602","85439090","品目8543所列其他设备及装置的零件","136","泰国","91177","千克","0","?","2,255,507",
"202602","85439090","品目8543所列其他设备及装置的零件","137","土耳其","11113","千克","0","?","215,239",
"202602","85439090","品目8543所列其他设备及装置的零件","138","阿联酋","26259","千克","0","?","1,455,074",
"202602","85439090","品目8543所列其他设备及装置的零件","141","越南","7151966","千克","0","?","32,149,710",
"202602","85439090","品目8543所列其他设备及装置的零件","143","中国台湾","59086","千克","0","?","2,539,432",
"202602","85439090","品目8543所列其他设备及装置的零件","145","哈萨克斯坦","53415","千克","0","?","324,229",
"202602","85439090","品目8543所列其他设备及装置的零件","146","吉尔吉斯斯坦","1208","千克","0","?","5,508",
"202602","85439090","品目8543所列其他设备及装置的零件","147","塔吉克斯坦","25","千克","0","?","263",
"202602","85439090","品目8543所列其他设备及装置的零件","149","乌兹别克斯坦","9060","千克","0","?","23,635",
"202602","85439090","品目8543所列其他设备及装置的零件","150","格鲁吉亚","353","千克","0","?","1,111,370",
"202602","85439090","品目8543所列其他设备及装置的零件","151","亚美尼亚","5","千克","0","?","580",
"202602","85439090","品目8543所列其他设备及装置的零件","152","阿塞拜疆","1484","千克","0","?","128,861",
"202602","85439090","品目8543所列其他设备及装置的零件","201","阿尔及利亚","19784","千克","0","?","140,185",
"202602","85439090","品目8543所列其他设备及装置的零件","203","贝宁","40","千克","0","?","20,045",
"202602","85439090","品目8543所列其他设备及装置的零件","206","喀麦隆","2541","千克","0","?","38,377",
"202602","85439090","品目8543所列其他设备及装置的零件","213","刚果共和国","105302","千克","0","?","457,163",
"202602","85439090","品目8543所列其他设备及装置的零件","214","吉布提","153","千克","0","?","329",
"202602","85439090","品目8543所列其他设备及装置的零件","215","埃及","4161","千克","0","?","223,580",
"202602","85439090","品目8543所列其他设备及装置的零件","217","埃塞俄比亚","4","千克","0","?","121",
"202602","85439090","品目8543所列其他设备及装置的零件","220","加纳","4","千克","0","?","2,779",
"202602","85439090","品目8543所列其他设备及装置的零件","223","科特迪瓦","10","千克","0","?","95",
"202602","85439090","品目8543所列其他设备及装置的零件","224","肯尼亚","5742","千克","0","?","18,827",
"202602","85439090","品目8543所列其他设备及装置的零件","225","利比里亚","1367","千克","0","?","143,219",
"202602","85439090","品目8543所列其他设备及装置的零件","226","利比亚","149","千克","0","?","19,029",
"202602","85439090","品目8543所列其他设备及装置的零件","231","毛里求斯","11","千克","0","?","555",
"202602","85439090","品目8543所列其他设备及装置的零件","232","摩洛哥","1631","千克","0","?","146,699",
"202602","85439090","品目8543所列其他设备及装置的零件","233","莫桑比克","70","千克","0","?","143",
"202602","85439090","品目8543所列其他设备及装置的零件","236","尼日利亚","5260","千克","0","?","29,803",
"202602","85439090","品目8543所列其他设备及装置的零件","237","留尼汪","54","千克","0","?","3,845",
"202602","85439090","品目8543所列其他设备及装置的零件","240","塞内加尔","1","千克","0","?","462",
"202602","85439090","品目8543所列其他设备及装置的零件","244","南非","26177","千克","0","?","1,128,329",
"202602","85439090","品目8543所列其他设备及装置的零件","246","苏丹","1618","千克","0","?","8,146",
"202602","85439090","品目8543所列其他设备及装置的零件","247","坦桑尼亚","12702","千克","0","?","140,891",
"202602","85439090","品目8543所列其他设备及装置的零件","248","多哥","1485","千克","0","?","10,703",
"202602","85439090","品目8543所列其他设备及装置的零件","249","突尼斯","15550","千克","0","?","188,227",
"202602","85439090","品目8543所列其他设备及装置的零件","252","刚果民主共和国","842904","千克","0","?","5,619,415",
"202602","85439090","品目8543所列其他设备及装置的零件","254","津巴布韦","15","千克","0","?","1,652",
"202602","85439090","品目8543所列其他设备及装置的零件","301","比利时","3338","千克","0","?","182,207",
"202602","85439090","品目8543所列其他设备及装置的零件","302","丹麦","9123","千克","0","?","664,706",
"202602","85439090","品目8543所列其他设备及装置的零件","303","英国","91435","千克","0","?","9,332,971",
"202602","85439090","品目8543所列其他设备及装置的零件","304","德国","58127","千克","0","?","5,043,617",
"202602","85439090","品目8543所列其他设备及装置的零件","305","法国","83572","千克","0","?","8,141,062",
"202602","85439090","品目8543所列其他设备及装置的零件","306","爱尔兰","203","千克","0","?","32,022",
"202602","85439090","品目8543所列其他设备及装置的零件","307","意大利","92433","千克","0","?","4,013,042",
"202602","85439090","品目8543所列其他设备及装置的零件","309","荷兰","23575","千克","0","?","1,947,426",
"202602","85439090","品目8543所列其他设备及装置的零件","310","希腊","7106","千克","0","?","531,510",
"202602","85439090","品目8543所列其他设备及装置的零件","311","葡萄牙","2657","千克","0","?","180,845",
"202602","85439090","品目8543所列其他设备及装置的零件","312","西班牙","36617","千克","0","?","1,648,154",
"202602","85439090","品目8543所列其他设备及装置的零件","313","阿尔巴尼亚","330","千克","0","?","20,614",
"202602","85439090","品目8543所列其他设备及装置的零件","315","奥地利","4847","千克","0","?","412,896",
"202602","85439090","品目8543所列其他设备及装置的零件","316","保加利亚","2708","千克","0","?","271,409",
"202602","85439090","品目8543所列其他设备及装置的零件","318","芬兰","107","千克","0","?","130,845",
"202602","85439090","品目8543所列其他设备及装置的零件","321","匈牙利","62876","千克","0","?","1,447,684",
"202602","85439090","品目8543所列其他设备及装置的零件","322","冰岛","352","千克","0","?","63,192",
"202602","85439090","品目8543所列其他设备及装置的零件","324","马耳他","916","千克","0","?","32,929",
"202602","85439090","品目8543所列其他设备及装置的零件","326","挪威","222692","千克","0","?","541,456",
"202602","85439090","品目8543所列其他设备及装置的零件","327","波兰","23330","千克","0","?","2,280,566",
"202602","85439090","品目8543所列其他设备及装置的零件","328","罗马尼亚","1416","千克","0","?","153,735",
"202602","85439090","品目8543所列其他设备及装置的零件","329","圣马力诺","29","千克","0","?","3,491",
"202602","85439090","品目8543所列其他设备及装置的零件","330","瑞典","1087","千克","0","?","54,240",
"202602","85439090","品目8543所列其他设备及装置的零件","331","瑞士","2465","千克","0","?","615,324",
"202602","85439090","品目8543所列其他设备及装置的零件","334","爱沙尼亚","614","千克","0","?","38,194",
"202602","85439090","品目8543所列其他设备及装置的零件","335","拉脱维亚","350","千克","0","?","165,878",
"202602","85439090","品目8543所列其他设备及装置的零件","336","立陶宛","3569","千克","0","?","380,456",
"202602","85439090","品目8543所列其他设备及装置的零件","340","白俄罗斯","13991","千克","0","?","1,006,029",
"202602","85439090","品目8543所列其他设备及装置的零件","343","摩尔多瓦","722","千克","0","?","65,685",
"202602","85439090","品目8543所列其他设备及装置的零件","344","俄罗斯","82679","千克","0","?","11,061,738",
"202602","85439090","品目8543所列其他设备及装置的零件","347","乌克兰","5190","千克","0","?","724,571",
"202602","85439090","品目8543所列其他设备及装置的零件","350","斯洛文尼亚","15519","千克","0","?","1,756,176",
"202602","85439090","品目8543所列其他设备及装置的零件","351","克罗地亚","1247","千克","0","?","358,183",
"202602","85439090","品目8543所列其他设备及装置的零件","352","捷克","14753","千克","0","?","300,532",
"202602","85439090","品目8543所列其他设备及装置的零件","353","斯洛伐克","570","千克","0","?","23,520",
"202602","85439090","品目8543所列其他设备及装置的零件","354","北马其顿","26","千克","0","?","9,272",
"202602","85439090","品目8543所列其他设备及装置的零件","355","波斯尼亚和黑塞哥维那","26","千克","0","?","4,617",
"202602","85439090","品目8543所列其他设备及装置的零件","358","塞尔维亚","3147","千克","0","?","139,704",
"202602","85439090","品目8543所列其他设备及装置的零件","359","黑山","0","千克","0","?","379",
"202602","85439090","品目8543所列其他设备及装置的零件","402","阿根廷","2626","千克","0","?","367,527",
"202602","85439090","品目8543所列其他设备及装置的零件","404","巴哈马","45","千克","0","?","4,716",
"202602","85439090","品目8543所列其他设备及装置的零件","405","巴巴多斯","1","千克","0","?","300",
"202602","85439090","品目8543所列其他设备及装置的零件","408","玻利维亚
","7","千克","0","?","797",
"202602","85439090","品目8543所列其他设备及装置的零件","410","巴西","111701","千克","0","?","3,065,303",
"202602","85439090","品目8543所列其他设备及装置的零件","412","智利","7393","千克","0","?","206,329",
"202602","85439090","品目8543所列其他设备及装置的零件","413","哥伦比亚","270","千克","0","?","32,238",
"202602","85439090","品目8543所列其他设备及装置的零件","415","哥斯达黎加","54","千克","0","?","3,855",
"202602","85439090","品目8543所列其他设备及装置的零件","418","多米尼加
","2854","千克","0","?","337,239",
"202602","85439090","品目8543所列其他设备及装置的零件","419","厄瓜多尔","338","千克","0","?","20,460",
"202602","85439090","品目8543所列其他设备及装置的零件","423","危地马拉","7778","千克","0","?","46,933",
"202602","85439090","品目8543所列其他设备及装置的零件","424","圭亚那","4","千克","0","?","61",
"202602","85439090","品目8543所列其他设备及装置的零件","429","墨西哥","52409","千克","0","?","2,023,363",
"202602","85439090","品目8543所列其他设备及装置的零件","431","尼加拉瓜","3","千克","0","?","1,500",
"202602","85439090","品目8543所列其他设备及装置的零件","432","巴拿马","5276","千克","0","?","172,222",
"202602","85439090","品目8543所列其他设备及装置的零件","433","巴拉圭","1041","千克","0","?","107,010",
"202602","85439090","品目8543所列其他设备及装置的零件","434","秘鲁","19215","千克","0","?","131,920",
"202602","85439090","品目8543所列其他设备及装置的零件","435","波多黎各","28","千克","0","?","6,676",
"202602","85439090","品目8543所列其他设备及装置的零件","437","圣卢西亚","9","千克","0","?","874",
"202602","85439090","品目8543所列其他设备及装置的零件","440","萨尔瓦多","1","千克","0","?","300",
"202602","85439090","品目8543所列其他设备及装置的零件","442","特立尼达和多巴哥","1","千克","0","?","284",
"202602","85439090","品目8543所列其他设备及装置的零件","444","乌拉圭","161","千克","0","?","4,045",
"202602","85439090","品目8543所列其他设备及装置的零件","445","委内瑞拉","355","千克","0","?","14,698",
"202602","85439090","品目8543所列其他设备及装置的零件","454","荷属圣马丁
","10","千克","0","?","6,560",
"202602","85439090","品目8543所列其他设备及装置的零件","501","加拿大","423692","千克","0","?","8,220,735",
"202602","85439090","品目8543所列其他设备及装置的零件","502","美国","1026337","千克","0","?","41,103,613",
"202602","85439090","品目8543所列其他设备及装置的零件","601","澳大利亚","44852","千克","0","?","1,193,919",
"202602","85439090","品目8543所列其他设备及装置的零件","609","新西兰","12870","千克","0","?","675,846",
"202602","85439090","品目8543所列其他设备及装置的零件","621","马绍尔群岛","1097","千克","0","?","72,574",
"202602","85439090","品目8543所列其他设备及装置的零件","629","关岛
","16","千克","0","?","2,391",
"202603","24041200","其他含尼古丁的非经燃烧吸用的产品","102","巴林","910","千克","0","?","42,943",
"202603","24041200","其他含尼古丁的非经燃烧吸用的产品","103","孟加拉国","157","千克","0","?","3,483",
"202603","24041200","其他含尼古丁的非经燃烧吸用的产品","106","缅甸","4295","千克","0","?","131,380",
"202603","24041200","其他含尼古丁的非经燃烧吸用的产品","108","塞浦路斯","8141","千克","0","?","382,650",
"202603","24041200","其他含尼古丁的非经燃烧吸用的产品","110","中国香港","3","千克","0","?","78",
"202603","24041200","其他含尼古丁的非经燃烧吸用的产品","112","印度尼西亚","338679","千克","0","?","13,373,548",
"202603","24041200","其他含尼古丁的非经燃烧吸用的产品","114","伊拉克","846","千克","0","?","15,021",
"202603","24041200","其他含尼古丁的非经燃烧吸用的产品","115","以色列","7711","千克","0","?","333,436",
"202603","24041200","其他含尼古丁的非经燃烧吸用的产品","116","日本","2437","千克","0","?","81,707",
"202603","24041200","其他含尼古丁的非经燃烧吸用的产品","117","约旦","133","千克","0","?","4,436",
"202603","24041200","其他含尼古丁的非经燃烧吸用的产品","118","科威特","171174","千克","0","?","8,704,796",
"202603","24041200","其他含尼古丁的非经燃烧吸用的产品","120","黎巴嫩","240","千克","0","?","10,020",
"202603","24041200","其他含尼古丁的非经燃烧吸用的产品","122","马来西亚","680950","千克","0","?","27,620,276",
"202603","24041200","其他含尼古丁的非经燃烧吸用的产品","124","蒙古","12820","千克","0","?","323,682",
"202603","24041200","其他含尼古丁的非经燃烧吸用的产品","125","尼泊尔","76518","千克","0","?","3,284,709",
"202603","24041200","其他含尼古丁的非经燃烧吸用的产品","127","巴基斯坦","38915","千克","0","?","1,451,810",
"202603","24041200","其他含尼古丁的非经燃烧吸用的产品","129","菲律宾","106383","千克","0","?","3,645,273",
"202603","24041200","其他含尼古丁的非经燃烧吸用的产品","130","卡塔尔","755","千克","0","?","26,216",
"202603","24041200","其他含尼古丁的非经燃烧吸用的产品","131","沙特阿拉伯","95728","千克","0","?","3,436,059",
"202603","24041200","其他含尼古丁的非经燃烧吸用的产品","133","韩国","1318667","千克","0","?","47,669,644",
"202603","24041200","其他含尼古丁的非经燃烧吸用的产品","137","土耳其","198","千克","0","?","10,508",
"202603","24041200","其他含尼古丁的非经燃烧吸用的产品","138","阿联酋","798677","千克","0","?","24,876,799",
"202603","24041200","其他含尼古丁的非经燃烧吸用的产品","141","越南","274","千克","0","?","40,867",
"202603","24041200","其他含尼古丁的非经燃烧吸用的产品","147","塔吉克斯坦","1126","千克","0","?","35,217",
"202603","24041200","其他含尼古丁的非经燃烧吸用的产品","150","格鲁吉亚","134032","千克","0","?","4,551,383",
"202603","24041200","其他含尼古丁的非经燃烧吸用的产品","151","亚美尼亚","89190","千克","0","?","3,024,020",
"202603","24041200","其他含尼古丁的非经燃烧吸用的产品","152","阿塞拜疆","79659","千克","0","?","2,994,230",
"202603","24041200","其他含尼古丁的非经燃烧吸用的产品","204","博茨瓦纳","2891","千克","0","?","97,245",
"202603","24041200","其他含尼古丁的非经燃烧吸用的产品","214","吉布提","1706","千克","0","?","82,356",
"202603","24041200","其他含尼古丁的非经燃烧吸用的产品","215","埃及","7637","千克","0","?","319,752",
"202603","24041200","其他含尼古丁的非经燃烧吸用的产品","221","几内亚","84","千克","0","?","3,800",
"202603","24041200","其他含尼古丁的非经燃烧吸用的产品","224","肯尼亚","2412","千克","0","?","109,605",
"202603","24041200","其他含尼古丁的非经燃烧吸用的产品","226","利比亚","35952","千克","0","?","1,187,149",
"202603","24041200","其他含尼古丁的非经燃烧吸用的产品","230","毛里塔尼亚","1637","千克","0","?","55,875",
"202603","24041200","其他含尼古丁的非经燃烧吸用的产品","232","摩洛哥","237471","千克","0","?","6,695,151",
"202603","24041200","其他含尼古丁的非经燃烧吸用的产品","236","尼日利亚","21948","千克","0","?","611,572",
"202603","24041200","其他含尼古丁的非经燃烧吸用的产品","241","塞舌尔","309","千克","0","?","12,759",
"202603","24041200","其他含尼古丁的非经燃烧吸用的产品","244","南非","320641","千克","0","?","13,952,240",
"202603","24041200","其他含尼古丁的非经燃烧吸用的产品","247","坦桑尼亚","241","千克","0","?","7,975",
"202603","24041200","其他含尼古丁的非经燃烧吸用的产品","249","突尼斯","390","千克","0","?","19,694",
"202603","24041200","其他含尼古丁的非经燃烧吸用的产品","251","布基纳法索","155","千克","0","?","481",
"202603","24041200","其他含尼古丁的非经燃烧吸用的产品","253","赞比亚","558","千克","0","?","16,000",
"202603","24041200","其他含尼古丁的非经燃烧吸用的产品","254","津巴布韦","6176","千克","0","?","175,667",
"202603","24041200","其他含尼古丁的非经燃烧吸用的产品","301","比利时","24857","千克","0","?","1,821,986",
"202603","24041200","其他含尼古丁的非经燃烧吸用的产品","302","丹麦","10851","千克","0","?","603,156",
"202603","24041200","其他含尼古丁的非经燃烧吸用的产品","303","英国","1760503","千克","0","?","55,134,690",
"202603","24041200","其他含尼古丁的非经燃烧吸用的产品","304","德国","822857","千克","0","?","37,742,562",
"202603","24041200","其他含尼古丁的非经燃烧吸用的产品","305","法国","146090","千克","0","?","4,897,705",
"202603","24041200","其他含尼古丁的非经燃烧吸用的产品","306","爱尔兰","8307","千克","0","?","334,208",
"202603","24041200","其他含尼古丁的非经燃烧吸用的产品","307","意大利","194195","千克","0","?","7,237,794",
"202603","24041200","其他含尼古丁的非经燃烧吸用的产品","308","卢森堡","2423","千克","0","?","57,170",
"202603","24041200","其他含尼古丁的非经燃烧吸用的产品","309","荷兰","445682","千克","0","?","14,623,183",
"202603","24041200","其他含尼古丁的非经燃烧吸用的产品","310","希腊","49977","千克","0","?","3,246,133",
"202603","24041200","其他含尼古丁的非经燃烧吸用的产品","311","葡萄牙","5655","千克","0","?","171,166",
"202603","24041200","其他含尼古丁的非经燃烧吸用的产品","312","西班牙","216036","千克","0","?","8,114,717",
"202603","24041200","其他含尼古丁的非经燃烧吸用的产品","313","阿尔巴尼亚","8332","千克","0","?","337,246",
"202603","24041200","其他含尼古丁的非经燃烧吸用的产品","314","安道尔","790","千克","0","?","24,608",
"202603","24041200","其他含尼古丁的非经燃烧吸用的产品","315","奥地利","226689","千克","0","?","8,372,941",
"202603","24041200","其他含尼古丁的非经燃烧吸用的产品","316","保加利亚","25752","千克","0","?","1,090,268",
"202603","24041200","其他含尼古丁的非经燃烧吸用的产品","318","芬兰","4647","千克","0","?","133,935",
"202603","24041200","其他含尼古丁的非经燃烧吸用的产品","321","匈牙利","4006","千克","0","?","62,241",
"202603","24041200","其他含尼古丁的非经燃烧吸用的产品","322","冰岛","1700","千克","0","?","51,892",
"202603","24041200","其他含尼古丁的非经燃烧吸用的产品","324","马耳他","3174","千克","0","?","121,843",
"202603","24041200","其他含尼古丁的非经燃烧吸用的产品","327","波兰","137717","千克","0","?","4,933,942",
"202603","24041200","其他含尼古丁的非经燃烧吸用的产品","328","罗马尼亚","40902","千克","0","?","2,870,610",
"202603","24041200","其他含尼古丁的非经燃烧吸用的产品","329","圣马力诺","2904","千克","0","?","107,625",
"202603","24041200","其他含尼古丁的非经燃烧吸用的产品","330","瑞典","134958","千克","0","?","4,933,132",
"202603","24041200","其他含尼古丁的非经燃烧吸用的产品","331","瑞士","38455","千克","0","?","1,912,917",
"202603","24041200","其他含尼古丁的非经燃烧吸用的产品","334","爱沙尼亚","12233","千克","0","?","546,143",
"202603","24041200","其他含尼古丁的非经燃烧吸用的产品","335","拉脱维亚","36018","千克","0","?","2,028,367",
"202603","24041200","其他含尼古丁的非经燃烧吸用的产品","336","立陶宛","8153","千克","0","?","217,134",
"202603","24041200","其他含尼古丁的非经燃烧吸用的产品","340","白俄罗斯","10294","千克","0","?","340,194",
"202603","24041200","其他含尼古丁的非经燃烧吸用的产品","343","摩尔多瓦","247581","千克","0","?","7,415,705",
"202603","24041200","其他含尼古丁的非经燃烧吸用的产品","344","俄罗斯","1007592","千克","0","?","42,650,568",
"202603","24041200","其他含尼古丁的非经燃烧吸用的产品","351","克罗地亚","284681","千克","0","?","17,398,810",
"202603","24041200","其他含尼古丁的非经燃烧吸用的产品","352","捷克","85932","千克","0","?","3,663,612",
"202603","24041200","其他含尼古丁的非经燃烧吸用的产品","353","斯洛伐克","21693","千克","0","?","870,512",
"202603","24041200","其他含尼古丁的非经燃烧吸用的产品","355","波斯尼亚和黑塞哥维那","2288","千克","0","?","86,374",
"202603","24041200","其他含尼古丁的非经燃烧吸用的产品","358","塞尔维亚","38870","千克","0","?","1,256,024",
"202603","24041200","其他含尼古丁的非经燃烧吸用的产品","404","巴哈马","141","千克","0","?","7,566",
"202603","24041200","其他含尼古丁的非经燃烧吸用的产品","406","伯利兹","56","千克","0","?","1,930",
"202603","24041200","其他含尼古丁的非经燃烧吸用的产品","408","玻利维亚
","1111","千克","0","?","37,201",
"202603","24041200","其他含尼古丁的非经燃烧吸用的产品","412","智利","35459","千克","0","?","1,627,482",
"202603","24041200","其他含尼古丁的非经燃烧吸用的产品","413","哥伦比亚","193225","千克","0","?","7,399,543",
"202603","24041200","其他含尼古丁的非经燃烧吸用的产品","415","哥斯达黎加","20290","千克","0","?","797,571",
"202603","24041200","其他含尼古丁的非经燃烧吸用的产品","418","多米尼加
","35763","千克","0","?","1,243,564",
"202603","24041200","其他含尼古丁的非经燃烧吸用的产品","419","厄瓜多尔","5562","千克","0","?","224,097",
"202603","24041200","其他含尼古丁的非经燃烧吸用的产品","423","危地马拉","4721","千克","0","?","211,102",
"202603","24041200","其他含尼古丁的非经燃烧吸用的产品","426","洪都拉斯","3082","千克","0","?","129,714",
"202603","24041200","其他含尼古丁的非经燃烧吸用的产品","427","牙买加","1268","千克","0","?","55,480",
"202603","24041200","其他含尼古丁的非经燃烧吸用的产品","432","巴拿马","96082","千克","0","?","2,418,387",
"202603","24041200","其他含尼古丁的非经燃烧吸用的产品","433","巴拉圭","206286","千克","0","?","7,678,963",
"202603","24041200","其他含尼古丁的非经燃烧吸用的产品","434","秘鲁","22359","千克","0","?","755,869",
"202603","24041200","其他含尼古丁的非经燃烧吸用的产品","440","萨尔瓦多","1336","千克","0","?","60,613",
"202603","24041200","其他含尼古丁的非经燃烧吸用的产品","442","特立尼达和多巴哥","274","千克","0","?","8,508",
"202603","24041200","其他含尼古丁的非经燃烧吸用的产品","444","乌拉圭","1758","千克","0","?","70,559",
"202603","24041200","其他含尼古丁的非经燃烧吸用的产品","501","加拿大","560639","千克","0","?","21,212,685",
"202603","24041200","其他含尼古丁的非经燃烧吸用的产品","502","美国","4286464","千克","0","?","169,123,238",
"202603","24041200","其他含尼古丁的非经燃烧吸用的产品","601","澳大利亚","18285","千克","0","?","1,236,762",
"202603","24041200","其他含尼古丁的非经燃烧吸用的产品","607","新喀里多尼亚","4783","千克","0","?","378,092",
"202603","24041200","其他含尼古丁的非经燃烧吸用的产品","609","新西兰","115806","千克","0","?","4,976,674",
"202603","24041200","其他含尼古丁的非经燃烧吸用的产品","623","法属波利尼西亚","1302","千克","0","?","51,563",
"202603","85434000","电子烟及类似的个人电子雾化设备","108","塞浦路斯","40800","台","4226","千克","132,653",
"202603","85434000","电子烟及类似的个人电子雾化设备","110","中国香港","3458","台","409","千克","28,567",
"202603","85434000","电子烟及类似的个人电子雾化设备","112","印度尼西亚","1466429","台","124859","千克","7,212,618",
"202603","85434000","电子烟及类似的个人电子雾化设备","115","以色列","543200","台","47165","千克","2,088,889",
"202603","85434000","电子烟及类似的个人电子雾化设备","116","日本","1430228","台","160585","千克","36,239,859",
"202603","85434000","电子烟及类似的个人电子雾化设备","117","约旦","9090","台","2298","千克","268,657",
"202603","85434000","电子烟及类似的个人电子雾化设备","118","科威特","7230","台","578","千克","30,120",
"202603","85434000","电子烟及类似的个人电子雾化设备","120","黎巴嫩","19432","台","4909","千克","754,846",
"202603","85434000","电子烟及类似的个人电子雾化设备","122","马来西亚","1180201","台","78472","千克","3,990,369",
"202603","85434000","电子烟及类似的个人电子雾化设备","124","蒙古","68664","台","6318","千克","239,354",
"202603","85434000","电子烟及类似的个人电子雾化设备","125","尼泊尔","210","台","49","千克","4,616",
"202603","85434000","电子烟及类似的个人电子雾化设备","127","巴基斯坦","252769","台","14599","千克","1,245,539",
"202603","85434000","电子烟及类似的个人电子雾化设备","129","菲律宾","82010","台","5840","千克","904,356",
"202603","85434000","电子烟及类似的个人电子雾化设备","131","沙特阿拉伯","40630","台","4045","千克","629,599",
"202603","85434000","电子烟及类似的个人电子雾化设备","133","韩国","1148234","台","106392","千克","7,801,176",
"202603","85434000","电子烟及类似的个人电子雾化设备","137","土耳其","13770","台","3588","千克","492,773",
"202603","85434000","电子烟及类似的个人电子雾化设备","138","阿联酋","165045","台","14784","千克","1,021,511",
"202603","85434000","电子烟及类似的个人电子雾化设备","143","中国台湾","33350","台","3209","千克","375,122",
"202603","85434000","电子烟及类似的个人电子雾化设备","145","哈萨克斯坦","68342","台","14841","千克","2,055,746",
"202603","85434000","电子烟及类似的个人电子雾化设备","146","吉尔吉斯斯坦","12492","台","3071","千克","286,095",
"202603","85434000","电子烟及类似的个人电子雾化设备","150","格鲁吉亚","22258","台","7236","千克","530,658",
"202603","85434000","电子烟及类似的个人电子雾化设备","151","亚美尼亚","21860","台","2703","千克","121,305",
"202603","85434000","电子烟及类似的个人电子雾化设备","152","阿塞拜疆","35900","台","2674","千克","278,414",
"202603","85434000","电子烟及类似的个人电子雾化设备","215","埃及","89800","台","14008","千克","1,437,271",
"202603","85434000","电子烟及类似的个人电子雾化设备","226","利比亚","34000","台","3157","千克","97,000",
"202603","85434000","电子烟及类似的个人电子雾化设备","232","摩洛哥","9208","台","1364","千克","130,408",
"202603","85434000","电子烟及类似的个人电子雾化设备","236","尼日利亚","210","台","20","千克","1,086",
"202603","85434000","电子烟及类似的个人电子雾化设备","244","南非","188501","台","14092","千克","909,409",
"202603","85434000","电子烟及类似的个人电子雾化设备","249","突尼斯","7110","台","1687","千克","165,742",
"202603","85434000","电子烟及类似的个人电子雾化设备","253","赞比亚","120","台","18","千克","2,057",
"202603","85434000","电子烟及类似的个人电子雾化设备","301","比利时","110","台","31","千克","3,814",
"202603","85434000","电子烟及类似的个人电子雾化设备","302","丹麦","26222","台","1932","千克","172,339",
"202603","85434000","电子烟及类似的个人电子雾化设备","303","英国","16499114","台","1147431","千克","44,995,432",
"202603","85434000","电子烟及类似的个人电子雾化设备","304","德国","2104394","台","177901","千克","24,744,127",
"202603","85434000","电子烟及类似的个人电子雾化设备","305","法国","723982","台","194883","千克","8,290,352",
"202603","85434000","电子烟及类似的个人电子雾化设备","306","爱尔兰","459329","台","32848","千克","1,405,321",
"202603","85434000","电子烟及类似的个人电子雾化设备","307","意大利","444656","台","23974","千克","3,213,204",
"202603","85434000","电子烟及类似的个人电子雾化设备","309","荷兰","670651","台","37419","千克","2,054,563",
"202603","85434000","电子烟及类似的个人电子雾化设备","310","希腊","756686","台","24990","千克","3,658,417",
"202603","85434000","电子烟及类似的个人电子雾化设备","311","葡萄牙","3840","台","611","千克","198,013",
"202603","85434000","电子烟及类似的个人电子雾化设备","312","西班牙","227765","台","13687","千克","842,959",
"202603","85434000","电子烟及类似的个人电子雾化设备","315","奥地利","448250","台","21398","千克","962,243",
"202603","85434000","电子烟及类似的个人电子雾化设备","316","保加利亚","340027","台","16654","千克","1,200,685",
"202603","85434000","电子烟及类似的个人电子雾化设备","321","匈牙利","4990","台","699","千克","171,409",
"202603","85434000","电子烟及类似的个人电子雾化设备","322","冰岛","1725","台","101","千克","8,012",
"202603","85434000","电子烟及类似的个人电子雾化设备","324","马耳他","10000","台","429","千克","16,800",
"202603","85434000","电子烟及类似的个人电子雾化设备","326","挪威","1440","台","152","千克","15,608",
"202603","85434000","电子烟及类似的个人电子雾化设备","327","波兰","1058942","台","72027","千克","15,265,432",
"202603","85434000","电子烟及类似的个人电子雾化设备","328","罗马尼亚","160654","台","7770","千克","3,111,692",
"202603","85434000","电子烟及类似的个人电子雾化设备","329","圣马力诺","1360","台","132","千克","9,590",
"202603","85434000","电子烟及类似的个人电子雾化设备","330","瑞典","16186","台","888","千克","42,704",
"202603","85434000","电子烟及类似的个人电子雾化设备","331","瑞士","205607","台","12451","千克","619,879",
"202603","85434000","电子烟及类似的个人电子雾化设备","334","爱沙尼亚","580","台","37","千克","3,975",
"202603","85434000","电子烟及类似的个人电子雾化设备","335","拉脱维亚","91605","台","3466","千克","258,522",
"202603","85434000","电子烟及类似的个人电子雾化设备","336","立陶宛","10754","台","999","千克","92,026",
"202603","85434000","电子烟及类似的个人电子雾化设备","340","白俄罗斯","8567","台","847","千克","77,339",
"202603","85434000","电子烟及类似的个人电子雾化设备","343","摩尔多瓦","18235","台","2365","千克","93,626",
"202603","85434000","电子烟及类似的个人电子雾化设备","344","俄罗斯","1189131","台","139082","千克","14,164,102",
"202603","85434000","电子烟及类似的个人电子雾化设备","347","乌克兰","49762","台","7448","千克","1,342,615",
"202603","85434000","电子烟及类似的个人电子雾化设备","350","斯洛文尼亚","23435","台","1735","千克","176,972",
"202603","85434000","电子烟及类似的个人电子雾化设备","351","克罗地亚","666274","台","25790","千克","7,673,639",
"202603","85434000","电子烟及类似的个人电子雾化设备","352","捷克","273696","台","10688","千克","979,320",
"202603","85434000","电子烟及类似的个人电子雾化设备","353","斯洛伐克","53355","台","2861","千克","287,920",
"202603","85434000","电子烟及类似的个人电子雾化设备","355","波斯尼亚和黑塞哥维那","38100","台","2153","千克","97,260",
"202603","85434000","电子烟及类似的个人电子雾化设备","358","塞尔维亚","136285","台","11043","千克","1,569,283",
"202603","85434000","电子烟及类似的个人电子雾化设备","412","智利","23656","台","2054","千克","117,899",
"202603","85434000","电子烟及类似的个人电子雾化设备","413","哥伦比亚","79700","台","7231","千克","811,090",
"202603","85434000","电子烟及类似的个人电子雾化设备","418","多米尼加
","252786","台","10712","千克","540,248",
"202603","85434000","电子烟及类似的个人电子雾化设备","419","厄瓜多尔","4949","台","460","千克","22,324",
"202603","85434000","电子烟及类似的个人电子雾化设备","423","危地马拉","4490","台","225","千克","14,450",
"202603","85434000","电子烟及类似的个人电子雾化设备","426","洪都拉斯","4000","台","151","千克","10,930",
"202603","85434000","电子烟及类似的个人电子雾化设备","429","墨西哥","20460","台","5163","千克","622,637",
"202603","85434000","电子烟及类似的个人电子雾化设备","433","巴拉圭","59581","台","4333","千克","219,931",
"202603","85434000","电子烟及类似的个人电子雾化设备","434","秘鲁","33882","台","2386","千克","102,318",
"202603","85434000","电子烟及类似的个人电子雾化设备","501","加拿大","1308482","台","53536","千克","3,884,724",
"202603","85434000","电子烟及类似的个人电子雾化设备","502","美国","27076694","台","984299","千克","64,003,297",
"202603","85434000","电子烟及类似的个人电子雾化设备","601","澳大利亚","7448","台","1178","千克","103,448",
"202603","85434000","电子烟及类似的个人电子雾化设备","609","新西兰","216369","台","12256","千克","782,776",
"202603","85434000","电子烟及类似的个人电子雾化设备","623","法属波利尼西亚","29500","台","3275","千克","106,975",
"202603","85439090","品目8543所列其他设备及装置的零件","102","巴林","2211","千克","0","?","2,077",
"202603","85439090","品目8543所列其他设备及装置的零件","103","孟加拉国","8932","千克","0","?","117,256",
"202603","85439090","品目8543所列其他设备及装置的零件","105","文莱","15","千克","0","?","11,389",
"202603","85439090","品目8543所列其他设备及装置的零件","106","缅甸","40585","千克","0","?","263,652",
"202603","85439090","品目8543所列其他设备及装置的零件","107","柬埔寨","80662","千克","0","?","128,559",
"202603","85439090","品目8543所列其他设备及装置的零件","108","塞浦路斯","27","千克","0","?","1,991",
"202603","85439090","品目8543所列其他设备及装置的零件","110","中国香港","72113","千克","0","?","23,253,821",
"202603","85439090","品目8543所列其他设备及装置的零件","111","印度","191427","千克","0","?","2,141,194",
"202603","85439090","品目8543所列其他设备及装置的零件","112","印度尼西亚","410551","千克","0","?","17,030,610",
"202603","85439090","品目8543所列其他设备及装置的零件","113","伊朗","81","千克","0","?","10,683",
"202603","85439090","品目8543所列其他设备及装置的零件","115","以色列","22929","千克","0","?","1,450,826",
"202603","85439090","品目8543所列其他设备及装置的零件","116","日本","30976","千克","0","?","2,605,147",
"202603","85439090","品目8543所列其他设备及装置的零件","117","约旦","271","千克","0","?","23,617",
"202603","85439090","品目8543所列其他设备及装置的零件","118","科威特","548","千克","0","?","75,722",
"202603","85439090","品目8543所列其他设备及装置的零件","119","老挝","1056","千克","0","?","2,045",
"202603","85439090","品目8543所列其他设备及装置的零件","120","黎巴嫩","16","千克","0","?","12,714",
"202603","85439090","品目8543所列其他设备及装置的零件","121","中国澳门","2706","千克","0","?","1,087,219",
"202603","85439090","品目8543所列其他设备及装置的零件","122","马来西亚","235641","千克","0","?","12,462,918",
"202603","85439090","品目8543所列其他设备及装置的零件","123","马尔代夫","11","千克","0","?","678",
"202603","85439090","品目8543所列其他设备及装置的零件","124","蒙古","109","千克","0","?","7,487",
"202603","85439090","品目8543所列其他设备及装置的零件","125","尼泊尔","2","千克","0","?","186",
"202603","85439090","品目8543所列其他设备及装置的零件","126","阿曼","192650","千克","0","?","666,100",
"202603","85439090","品目8543所列其他设备及装置的零件","127","巴基斯坦","24008","千克","0","?","415,159",
"202603","85439090","品目8543所列其他设备及装置的零件","129","菲律宾","50795","千克","0","?","762,290",
"202603","85439090","品目8543所列其他设备及装置的零件","130","卡塔尔","10","千克","0","?","386",
"202603","85439090","品目8543所列其他设备及装置的零件","131","沙特阿拉伯","2515","千克","0","?","223,794",
"202603","85439090","品目8543所列其他设备及装置的零件","132","新加坡","29414","千克","0","?","1,043,361",
"202603","85439090","品目8543所列其他设备及装置的零件","133","韩国","256650","千克","0","?","9,979,259",
"202603","85439090","品目8543所列其他设备及装置的零件","134","斯里兰卡","7","千克","0","?","1,326",
"202603","85439090","品目8543所列其他设备及装置的零件","136","泰国","202532","千克","0","?","4,935,513",
"202603","85439090","品目8543所列其他设备及装置的零件","137","土耳其","806","千克","0","?","68,332",
"202603","85439090","品目8543所列其他设备及装置的零件","138","阿联酋","11794","千克","0","?","807,350",
"202603","85439090","品目8543所列其他设备及装置的零件","141","越南","200662","千克","0","?","25,188,415",
"202603","85439090","品目8543所列其他设备及装置的零件","143","中国台湾","165479","千克","0","?","3,703,132",
"202603","85439090","品目8543所列其他设备及装置的零件","144","东帝汶","720","千克","0","?","4,435",
"202603","85439090","品目8543所列其他设备及装置的零件","145","哈萨克斯坦","212546","千克","0","?","782,879",
"202603","85439090","品目8543所列其他设备及装置的零件","146","吉尔吉斯斯坦","0","千克","0","?","248",
"202603","85439090","品目8543所列其他设备及装置的零件","149","乌兹别克斯坦","518","千克","0","?","29,238",
"202603","85439090","品目8543所列其他设备及装置的零件","150","格鲁吉亚","206","千克","0","?","32,276",
"202603","85439090","品目8543所列其他设备及装置的零件","151","亚美尼亚","0","千克","0","?","10",
"202603","85439090","品目8543所列其他设备及装置的零件","152","阿塞拜疆","149","千克","0","?","13,851",
"202603","85439090","品目8543所列其他设备及装置的零件","201","阿尔及利亚","2573","千克","0","?","104,759",
"202603","85439090","品目8543所列其他设备及装置的零件","207","加那利群岛","12","千克","0","?","2,038",
"202603","85439090","品目8543所列其他设备及装置的零件","208","佛得角","0","千克","0","?","7",
"202603","85439090","品目8543所列其他设备及装置的零件","214","吉布提","272","千克","0","?","72,036",
"202603","85439090","品目8543所列其他设备及装置的零件","215","埃及","2673","千克","0","?","197,433",
"202603","85439090","品目8543所列其他设备及装置的零件","217","埃塞俄比亚","5","千克","0","?","1,528",
"202603","85439090","品目8543所列其他设备及装置的零件","220","加纳","102","千克","0","?","3,792",
"202603","85439090","品目8543所列其他设备及装置的零件","221","几内亚","80","千克","0","?","4,500",
"202603","85439090","品目8543所列其他设备及装置的零件","224","肯尼亚","25177","千克","0","?","145,427",
"202603","85439090","品目8543所列其他设备及装置的零件","225","利比里亚","794","千克","0","?","63,050",
"202603","85439090","品目8543所列其他设备及装置的零件","226","利比亚","37","千克","0","?","5,631",
"202603","85439090","品目8543所列其他设备及装置的零件","230","毛里塔尼亚","6456","千克","0","?","73,977",
"202603","85439090","品目8543所列其他设备及装置的零件","231","毛里求斯","25","千克","0","?","886",
"202603","85439090","品目8543所列其他设备及装置的零件","232","摩洛哥","1027","千克","0","?","77,625",
"202603","85439090","品目8543所列其他设备及装置的零件","233","莫桑比克","43","千克","0","?","2,021",
"202603","85439090","品目8543所列其他设备及装置的零件","236","尼日利亚","135","千克","0","?","17,028",
"202603","85439090","品目8543所列其他设备及装置的零件","237","留尼汪","4","千克","0","?","793",
"202603","85439090","品目8543所列其他设备及装置的零件","238","卢旺达","2","千克","0","?","89",
"202603","85439090","品目8543所列其他设备及装置的零件","240","塞内加尔","0","千克","0","?","180",
"202603","85439090","品目8543所列其他设备及装置的零件","242","塞拉利昂","1","千克","0","?","308",
"202603","85439090","品目8543所列其他设备及装置的零件","243","索马里","7","千克","0","?","527",
"202603","85439090","品目8543所列其他设备及装置的零件","244","南非","51376","千克","0","?","1,417,915",
"202603","85439090","品目8543所列其他设备及装置的零件","246","苏丹","5760","千克","0","?","7,936",
"202603","85439090","品目8543所列其他设备及装置的零件","248","多哥","552","千克","0","?","5,200",
"202603","85439090","品目8543所列其他设备及装置的零件","249","突尼斯","15339","千克","0","?","252,153",
"202603","85439090","品目8543所列其他设备及装置的零件","250","乌干达","6","千克","0","?","1,349",
"202603","85439090","品目8543所列其他设备及装置的零件","252","刚果民主共和国","853840","千克","0","?","12,775,052",
"202603","85439090","品目8543所列其他设备及装置的零件","253","赞比亚","156","千克","0","?","5,723",
"202603","85439090","品目8543所列其他设备及装置的零件","301","比利时","715","千克","0","?","85,253",
"202603","85439090","品目8543所列其他设备及装置的零件","302","丹麦","1688","千克","0","?","203,811",
"202603","85439090","品目8543所列其他设备及装置的零件","303","英国","158138","千克","0","?","13,956,875",
"202603","85439090","品目8543所列其他设备及装置的零件","304","德国","73604","千克","0","?","6,758,634",
"202603","85439090","品目8543所列其他设备及装置的零件","305","法国","135313","千克","0","?","8,508,583",
"202603","85439090","品目8543所列其他设备及装置的零件","306","爱尔兰","2444","千克","0","?","289,446",
"202603","85439090","品目8543所列其他设备及装置的零件","307","意大利","50109","千克","0","?","2,511,490",
"202603","85439090","品目8543所列其他设备及装置的零件","308","卢森堡","3","千克","0","?","526",
"202603","85439090","品目8543所列其他设备及装置的零件","309","荷兰","18683","千克","0","?","1,175,071",
"202603","85439090","品目8543所列其他设备及装置的零件","310","希腊","7076","千克","0","?","563,795",
"202603","85439090","品目8543所列其他设备及装置的零件","311","葡萄牙","704","千克","0","?","70,156",
"202603","85439090","品目8543所列其他设备及装置的零件","312","西班牙","83337","千克","0","?","3,236,176",
"202603","85439090","品目8543所列其他设备及装置的零件","315","奥地利","3651","千克","0","?","293,815",
"202603","85439090","品目8543所列其他设备及装置的零件","316","保加利亚","2724","千克","0","?","227,180",
"202603","85439090","品目8543所列其他设备及装置的零件","318","芬兰","184","千克","0","?","78,906",
"202603","85439090","品目8543所列其他设备及装置的零件","321","匈牙利","83226","千克","0","?","2,561,385",
"202603","85439090","品目8543所列其他设备及装置的零件","322","冰岛","105","千克","0","?","17,516",
"202603","85439090","品目8543所列其他设备及装置的零件","324","马耳他","1398","千克","0","?","63,435",
"202603","85439090","品目8543所列其他设备及装置的零件","326","挪威","213624","千克","0","?","642,172",
"202603","85439090","品目8543所列其他设备及装置的零件","327","波兰","19935","千克","0","?","2,277,081",
"202603","85439090","品目8543所列其他设备及装置的零件","328","罗马尼亚","1407","千克","0","?","126,983",
"202603","85439090","品目8543所列其他设备及装置的零件","329","圣马力诺","48","千克","0","?","3,780",
"202603","85439090","品目8543所列其他设备及装置的零件","330","瑞典","6513","千克","0","?","499,898",
"202603","85439090","品目8543所列其他设备及装置的零件","331","瑞士","1393","千克","0","?","196,622",
"202603","85439090","品目8543所列其他设备及装置的零件","334","爱沙尼亚","183","千克","0","?","17,702",
"202603","85439090","品目8543所列其他设备及装置的零件","335","拉脱维亚","774","千克","0","?","33,544",
"202603","85439090","品目8543所列其他设备及装置的零件","336","立陶宛","1448","千克","0","?","193,979",
"202603","85439090","品目8543所列其他设备及装置的零件","340","白俄罗斯","11317","千克","0","?","645,492",
"202603","85439090","品目8543所列其他设备及装置的零件","343","摩尔多瓦","645","千克","0","?","74,568",
"202603","85439090","品目8543所列其他设备及装置的零件","344","俄罗斯","128622","千克","0","?","14,747,775",
"202603","85439090","品目8543所列其他设备及装置的零件","347","乌克兰","6347","千克","0","?","832,727",
"202603","85439090","品目8543所列其他设备及装置的零件","350","斯洛文尼亚","9119","千克","0","?","1,307,040",
"202603","85439090","品目8543所列其他设备及装置的零件","351","克罗地亚","2039","千克","0","?","366,237",
"202603","85439090","品目8543所列其他设备及装置的零件","352","捷克","15953","千克","0","?","1,815,554",
"202603","85439090","品目8543所列其他设备及装置的零件","353","斯洛伐克","824","千克","0","?","57,867",
"202603","85439090","品目8543所列其他设备及装置的零件","355","波斯尼亚和黑塞哥维那","1","千克","0","?","300",
"202603","85439090","品目8543所列其他设备及装置的零件","358","塞尔维亚","4769","千克","0","?","222,453",
"202603","85439090","品目8543所列其他设备及装置的零件","359","黑山","1","千克","0","?","110",
"202603","85439090","品目8543所列其他设备及装置的零件","402","阿根廷","168797","千克","0","?","385,101",
"202603","85439090","品目8543所列其他设备及装置的零件","404","巴哈马","2","千克","0","?","1,426",
"202603","85439090","品目8543所列其他设备及装置的零件","405","巴巴多斯","3","千克","0","?","447",
"202603","85439090","品目8543所列其他设备及装置的零件","408","玻利维亚
","6","千克","0","?","954",
"202603","85439090","品目8543所列其他设备及装置的零件","410","巴西","51758","千克","0","?","2,280,547",
"202603","85439090","品目8543所列其他设备及装置的零件","412","智利","32700","千克","0","?","167,963",
"202603","85439090","品目8543所列其他设备及装置的零件","413","哥伦比亚","218","千克","0","?","24,675",
"202603","85439090","品目8543所列其他设备及装置的零件","415","哥斯达黎加","12","千克","0","?","3,361",
"202603","85439090","品目8543所列其他设备及装置的零件","417","库拉索
","3","千克","0","?","1,697",
"202603","85439090","品目8543所列其他设备及装置的零件","418","多米尼加
","3138","千克","0","?","381,755",
"202603","85439090","品目8543所列其他设备及装置的零件","419","厄瓜多尔","1953","千克","0","?","24,997",
"202603","85439090","品目8543所列其他设备及装置的零件","423","危地马拉","2282","千克","0","?","22,314",
"202603","85439090","品目8543所列其他设备及装置的零件","424","圭亚那","146","千克","0","?","1,208",
"202603","85439090","品目8543所列其他设备及装置的零件","425","海地","2","千克","0","?","108",
"202603","85439090","品目8543所列其他设备及装置的零件","426","洪都拉斯","3","千克","0","?","318",
"202603","85439090","品目8543所列其他设备及装置的零件","429","墨西哥","66961","千克","0","?","1,985,597",
"202603","85439090","品目8543所列其他设备及装置的零件","431","尼加拉瓜","2","千克","0","?","56",
"202603","85439090","品目8543所列其他设备及装置的零件","432","巴拿马","2638","千克","0","?","142,706",
"202603","85439090","品目8543所列其他设备及装置的零件","433","巴拉圭","682","千克","0","?","87,514",
"202603","85439090","品目8543所列其他设备及装置的零件","434","秘鲁","9090","千克","0","?","59,111",
"202603","85439090","品目8543所列其他设备及装置的零件","435","波多黎各","18","千克","0","?","2,279",
"202603","85439090","品目8543所列其他设备及装置的零件","437","圣卢西亚","2","千克","0","?","215",
"202603","85439090","品目8543所列其他设备及装置的零件","440","萨尔瓦多","5","千克","0","?","1,900",
"202603","85439090","品目8543所列其他设备及装置的零件","442","特立尼达和多巴哥","13","千克","0","?","2,061",
"202603","85439090","品目8543所列其他设备及装置的零件","444","乌拉圭","135","千克","0","?","6,618",
"202603","85439090","品目8543所列其他设备及装置的零件","445","委内瑞拉","1027","千克","0","?","14,373",
"202603","85439090","品目8543所列其他设备及装置的零件","501","加拿大","495578","千克","0","?","6,613,231",
"202603","85439090","品目8543所列其他设备及装置的零件","502","美国","1078015","千克","0","?","42,178,840",
"202603","85439090","品目8543所列其他设备及装置的零件","504","百慕大","0","千克","0","?","194",
"202603","85439090","品目8543所列其他设备及装置的零件","601","澳大利亚","69424","千克","0","?","734,022",
"202603","85439090","品目8543所列其他设备及装置的零件","603","斐济","2030","千克","0","?","41,144",
"202603","85439090","品目8543所列其他设备及装置的零件","609","新西兰","15058","千克","0","?","548,907",
"202603","85439090","品目8543所列其他设备及装置的零件","611","巴布亚新几内亚","1","千克","0","?","90",
"202603","85439090","品目8543所列其他设备及装置的零件","621","马绍尔群岛","704","千克","0","?","65,806",
"202603","85439090","品目8543所列其他设备及装置的零件","622","帕劳","135","千克","0","?","3,741",
"202603","85439090","品目8543所列其他设备及装置的零件","629","关岛
","1","千克","0","?","23",
